date,ALLSKY_SFC_SW_DWN,T2M,RH2M,WS2M,year,month,day,day_of_year,week_of_year,season,ghi_lag_1,ghi_lag_2,ghi_lag_7,ghi_rolling_7,ghi_rolling_30
2020-01-01,1.867,9.96,76.92,2.9,2020,1,1,1,1,winter,,,,,
2020-01-02,2.8478,10.59,86.79,2.69,2020,1,2,2,1,winter,1.867,,,,
2020-01-03,2.8622,9.89,88.67,1.98,2020,1,3,3,1,winter,2.8478,1.867,,,
2020-01-04,1.1796,12.18,81.78,4.2,2020,1,4,4,1,winter,2.8622,2.8478,,,
2020-01-05,1.8739,12.76,79.54,4.59,2020,1,5,5,1,winter,1.1796,2.8622,,,
2020-01-06,2.803,11.27,71.21,2.71,2020,1,6,6,2,winter,1.8739,1.1796,,,
2020-01-07,2.8519,11.0,82.04,3.14,2020,1,7,7,2,winter,2.803,1.8739,,,
2020-01-08,0.8585,12.15,88.66,2.4,2020,1,8,8,2,winter,2.8519,2.803,1.867,2.326485714285714,
2020-01-09,2.2351,11.05,86.54,2.06,2020,1,9,9,2,winter,0.8585,2.8519,2.8478,2.1824142857142856,
2020-01-10,1.9044,10.25,86.41,2.08,2020,1,10,10,2,winter,2.2351,0.8585,2.8622,2.0948857142857142,
2020-01-11,2.1514,10.82,83.18,1.87,2020,1,11,11,2,winter,1.9044,2.2351,1.1796,1.958057142857143,
2020-01-12,2.22,11.36,82.8,1.64,2020,1,12,12,2,winter,2.1514,1.9044,1.8739,2.0968857142857145,
2020-01-13,2.0945,10.56,81.97,2.04,2020,1,13,13,3,winter,2.22,2.1514,2.803,2.1463285714285716,
2020-01-14,2.9976,10.26,80.24,1.44,2020,1,14,14,3,winter,2.0945,2.22,2.8519,2.0451142857142854,
2020-01-15,3.0559,9.43,82.26,1.95,2020,1,15,15,3,winter,2.9976,2.0945,0.8585,2.0659285714285716,
2020-01-16,3.0478,9.6,77.71,1.11,2020,1,16,16,3,winter,3.0559,2.9976,2.2351,2.379842857142857,
2020-01-17,2.8762,9.59,81.72,1.87,2020,1,17,17,3,winter,3.0478,3.0559,1.9044,2.4959428571428575,
2020-01-18,2.9659,11.79,80.07,3.88,2020,1,18,18,3,winter,2.8762,3.0478,2.1514,2.6347714285714288,
2020-01-19,3.1426,10.58,75.7,3.59,2020,1,19,19,3,winter,2.9659,2.8762,2.22,2.751128571428571,
2020-01-20,1.9968,12.56,80.7,5.61,2020,1,20,20,4,winter,3.1426,2.9659,2.0945,2.8829285714285713,
2020-01-21,2.4658,14.87,78.04,8.04,2020,1,21,21,4,winter,1.9968,3.1426,2.9976,2.8689714285714283,
2020-01-22,2.4859,13.92,79.5,5.96,2020,1,22,22,4,winter,2.4658,1.9968,3.0559,2.7929999999999997,
2020-01-23,2.8543,13.06,86.58,4.42,2020,1,23,23,4,winter,2.4859,2.4658,3.0478,2.7115714285714283,
2020-01-24,2.4108,12.98,82.5,2.44,2020,1,24,24,4,winter,2.8543,2.4859,2.8762,2.6839285714285714,
2020-01-25,2.6342,11.47,80.32,1.45,2020,1,25,25,4,winter,2.4108,2.8543,2.9659,2.617442857142857,
2020-01-26,2.4348,10.65,80.38,3.28,2020,1,26,26,4,winter,2.6342,2.4108,3.1426,2.570057142857143,
2020-01-27,3.0286,11.83,89.85,3.05,2020,1,27,27,5,winter,2.4348,2.6342,1.9968,2.468942857142857,
2020-01-28,2.9021,11.02,80.04,3.01,2020,1,28,28,5,winter,3.0286,2.4348,2.4658,2.616342857142857,
2020-01-29,3.3922,13.8,83.39,4.5,2020,1,29,29,5,winter,2.9021,3.0286,2.4859,2.678671428571428,
2020-01-30,3.1627,13.53,87.83,2.05,2020,1,30,30,5,winter,3.3922,2.9021,2.8543,2.808142857142857,
2020-01-31,2.6856,12.85,83.64,1.88,2020,1,31,31,5,winter,3.1627,3.3922,2.4108,2.8522,2.5201166666666666
2020-02-01,3.0996,13.1,87.51,2.95,2020,2,1,32,5,winter,2.6856,3.1627,2.6342,2.891457142857143,2.5474033333333335
2020-02-02,3.2045,13.87,88.53,4.35,2020,2,2,33,5,winter,3.0996,2.6856,2.4348,2.957942857142857,2.5557966666666667
2020-02-03,3.4908,15.26,81.34,5.91,2020,2,3,34,6,winter,3.2045,3.0996,3.0286,3.0678999999999994,2.5672066666666664
2020-02-04,3.6593,15.03,75.32,6.99,2020,2,4,35,6,winter,3.4908,3.2045,2.9021,3.1339285714285716,2.6442466666666666
2020-02-05,3.6552,12.58,58.9,7.64,2020,2,5,36,6,winter,3.6593,3.4908,3.3922,3.2421,2.7037600000000004
2020-02-06,2.7914,10.95,56.43,5.28,2020,2,6,37,6,winter,3.6552,3.6593,3.1627,3.279671428571429,2.7321666666666666
2020-02-07,4.0802,10.19,62.87,1.68,2020,2,7,38,6,winter,2.7914,3.6552,2.6856,3.2266285714285714,2.73015
2020-02-08,3.8878,10.7,73.35,2.24,2020,2,8,39,6,winter,4.0802,2.7914,3.0996,3.425857142857143,2.8375399999999997
2020-02-09,3.8734,12.42,66.86,1.52,2020,2,9,40,6,winter,3.8878,4.0802,3.2045,3.538457142857143,2.8926299999999996
2020-02-10,3.9216,12.52,74.97,2.81,2020,2,10,41,7,winter,3.8734,3.8878,3.4908,3.634014285714286,2.9582633333333335
2020-02-11,4.1203,13.59,74.97,4.3,2020,2,11,42,7,winter,3.9216,3.8734,3.6593,3.6955571428571425,3.0172700000000003
2020-02-12,4.039,14.08,82.46,2.94,2020,2,12,43,7,winter,4.1203,3.9216,3.6552,3.761414285714286,3.0806133333333334
2020-02-13,3.4097,14.32,74.27,1.29,2020,2,13,44,7,winter,4.039,4.1203,2.7914,3.816242857142857,3.1454299999999997
2020-02-14,3.4471,13.87,85.56,4.86,2020,2,14,45,7,winter,3.4097,4.039,4.0802,3.904571428571429,3.1591666666666667
2020-02-15,3.6744,12.4,74.12,2.47,2020,2,15,46,7,winter,3.4471,3.4097,3.8878,3.8141285714285718,3.1722066666666664
2020-02-16,4.4129,11.1,74.48,1.49,2020,2,16,47,7,winter,3.6744,3.4471,3.8734,3.783642857142857,3.193093333333333
2020-02-17,4.3063,10.4,76.11,2.47,2020,2,17,48,8,winter,4.4129,3.6744,3.9216,3.8607142857142853,3.2443166666666667
2020-02-18,3.624,11.72,83.11,3.86,2020,2,18,49,8,winter,4.3063,4.4129,4.1203,3.9156714285714287,3.288996666666667
2020-02-19,3.9454,12.26,72.62,5.74,2020,2,19,50,8,winter,3.624,4.3063,4.039,3.8447714285714283,3.305043333333333
2020-02-20,3.8282,12.78,74.78,4.25,2020,2,20,51,8,winter,3.9454,3.624,3.4097,3.8314,3.3699966666666668
2020-02-21,4.4969,12.13,81.26,3.2,2020,2,21,52,8,winter,3.8282,3.9454,3.4471,3.8911857142857142,3.41541
2020-02-22,3.497,12.98,78.81,3.48,2020,2,22,53,8,winter,4.4969,3.8282,3.6744,4.041157142857143,3.4824433333333333
2020-02-23,4.487,12.78,79.64,1.93,2020,2,23,54,8,winter,3.497,4.4969,4.4129,4.015814285714286,3.5038666666666667
2020-02-24,4.8686,12.71,81.53,4.0,2020,2,24,55,9,winter,4.487,3.497,4.3063,4.0264,3.5730733333333333
2020-02-25,4.734,13.56,68.54,2.34,2020,2,25,56,9,winter,4.8686,4.487,3.624,4.1067285714285715,3.6475533333333336
2020-02-26,3.5861,13.95,77.13,4.17,2020,2,26,57,9,winter,4.734,4.8686,3.9454,4.265300000000001,3.724193333333333
2020-02-27,3.7678,12.62,68.45,3.64,2020,2,27,58,9,winter,3.5861,4.734,3.8282,4.213971428571429,3.7427766666666664
2020-02-28,4.475,13.36,76.79,4.05,2020,2,28,59,9,winter,3.7678,3.5861,4.4969,4.205342857142857,3.7716333333333334
2020-02-29,4.6303,15.04,68.65,2.18,2020,2,29,60,9,winter,4.475,3.7678,3.497,4.202214285714286,3.807726666666667
2020-03-01,4.8535,14.98,65.79,2.62,2020,3,1,61,9,spring,4.6303,4.475,4.487,4.364114285714286,3.856646666666667
2020-03-02,4.0282,16.07,74.27,3.75,2020,3,2,62,10,spring,4.8535,4.6303,4.8686,4.416471428571429,3.92891
2020-03-03,4.2893,13.24,70.7,5.34,2020,3,3,63,10,spring,4.0282,4.8535,4.734,4.2964142857142855,3.9598633333333333
2020-03-04,3.9866,13.4,70.99,7.93,2020,3,4,64,10,spring,4.2893,4.0282,3.5861,4.232885714285714,3.9960233333333335
2020-03-05,4.8432,14.93,78.15,2.26,2020,3,5,65,10,spring,3.9866,4.2893,3.7678,4.2901,4.01255
2020-03-06,3.8424,14.9,74.51,4.44,2020,3,6,66,10,spring,4.8432,3.9866,4.475,4.443728571428571,4.052013333333333
2020-03-07,3.7241,11.78,77.44,6.0,2020,3,7,67,10,spring,3.8424,4.8432,4.6303,4.353357142857143,4.058253333333334
2020-03-08,3.8755,12.18,74.12,5.13,2020,3,8,68,10,spring,3.7241,3.8424,4.8535,4.2239,4.089343333333334
2020-03-09,3.737,11.72,81.4,4.13,2020,3,9,69,11,spring,3.8755,3.7241,4.0282,4.084185714285714,4.08252
2020-03-10,3.4728,12.46,75.6,4.87,2020,3,10,70,11,spring,3.737,3.8755,4.2893,4.042585714285715,4.077493333333333
2020-03-11,2.6986,13.14,82.25,3.4,2020,3,11,71,11,spring,3.4728,3.737,3.9866,3.925942857142857,4.06414
2020-03-12,5.5428,13.97,74.91,1.7,2020,3,12,72,11,spring,2.6986,3.4728,4.8432,3.741942857142857,4.023373333333334
2020-03-13,5.4317,16.38,68.18,1.96,2020,3,13,73,11,spring,5.5428,2.6986,3.8424,3.841885714285714,4.07079
2020-03-14,4.913,15.12,77.92,3.66,2020,3,14,74,11,spring,5.4317,5.5428,3.7241,4.068928571428571,4.117213333333333
2020-03-15,5.1523,13.86,81.4,2.97,2020,3,15,75,11,spring,4.913,5.4317,3.8755,4.238771428571428,4.167323333333333
2020-03-16,4.7477,14.4,80.75,4.23,2020,3,16,76,12,spring,5.1523,4.913,3.737,4.421171428571428,4.224163333333333
2020-03-17,3.8215,14.14,84.14,4.5,2020,3,17,77,12,spring,4.7477,5.1523,3.4728,4.565557142857143,4.259939999999999
2020-03-18,2.4617,13.36,75.62,3.15,2020,3,18,78,12,spring,3.8215,4.7477,2.6986,4.615371428571429,4.240226666666667
2020-03-19,3.4582,13.22,75.05,3.28,2020,3,19,79,12,spring,2.4617,3.8215,5.5428,4.581528571428572,4.17874
2020-03-20,4.7954,14.51,77.23,5.1,2020,3,20,80,12,spring,3.4582,2.4617,5.4317,4.283728571428571,4.173213333333333
2020-03-21,1.2691,14.3,84.96,5.24,2020,3,21,81,12,spring,4.7954,3.4582,4.913,4.192828571428572,4.201546666666666
2020-03-22,2.7185,14.09,83.1,3.0,2020,3,22,82,12,spring,1.2691,4.7954,5.1523,3.6722714285714284,4.116243333333333
2020-03-23,4.6186,13.63,82.81,2.46,2020,3,23,83,13,spring,2.7185,1.2691,4.7477,3.3245857142857145,4.056963333333333
2020-03-24,3.4109,12.18,80.01,4.03,2020,3,24,84,13,spring,4.6186,2.7185,3.8215,3.306142857142857,4.09435
2020-03-25,2.081,9.3,81.31,6.29,2020,3,25,85,13,spring,3.4109,4.6186,2.4617,3.247485714285714,4.058479999999999
2020-03-26,4.9721,9.91,64.77,4.85,2020,3,26,86,13,spring,2.081,3.4109,3.4582,3.1931,3.9655599999999995
2020-03-27,4.8403,10.66,76.33,3.77,2020,3,27,87,13,spring,4.9721,2.081,4.7954,3.4093714285714287,3.9734966666666667
2020-03-28,4.9049,12.06,76.33,2.46,2020,3,28,88,13,spring,4.8403,4.9721,1.2691,3.415785714285714,4.015303333333333
2020-03-29,1.8346,11.39,81.78,1.33,2020,3,29,89,13,spring,4.9049,4.8403,2.7185,3.9351857142857143,4.053206666666667
2020-03-30,4.7962,12.16,83.47,3.11,2020,3,30,90,14,spring,1.8346,4.9049,4.6186,3.8089142857142853,3.965193333333333
2020-03-31,5.2207,14.5,73.26,1.27,2020,3,31,91,14,spring,4.7962,1.8346,3.4109,3.8342857142857136,3.9707233333333334
2020-04-01,4.3248,13.15,79.87,3.29,2020,4,1,92,14,spring,5.2207,4.7962,2.081,4.092828571428571,3.982963333333333
2020-04-02,4.3978,12.87,87.53,2.27,2020,4,2,93,14,spring,4.3248,5.2207,4.9721,4.413371428571429,3.99285
2020-04-03,2.526,12.28,91.2,2.36,2020,4,3,94,14,spring,4.3978,4.3248,4.8403,4.331328571428571,3.996466666666666
2020-04-04,5.7187,13.12,76.87,3.57,2020,4,4,95,14,spring,2.526,4.3978,4.9049,4.0007142857142854,3.9477800000000003
2020-04-05,5.6244,13.2,74.49,2.79,2020,4,5,96,14,spring,5.7187,2.526,1.8346,4.1169714285714285,3.9769633333333334
2020-04-06,5.8342,13.33,72.32,1.81,2020,4,6,97,15,spring,5.6244,5.7187,4.7962,4.658371428571429,4.036363333333333
2020-04-07,5.7631,13.97,77.08,1.95,2020,4,7,98,15,spring,5.8342,5.6244,5.2207,4.8066571428571425,4.1067
2020-04-08,5.785,14.29,75.99,1.46,2020,4,8,99,15,spring,5.7631,5.8342,4.3248,4.884142857142857,4.16962
2020-04-09,6.0684,14.29,72.96,1.93,2020,4,9,100,15,spring,5.785,5.7631,4.3978,5.0927428571428575,4.237886666666666
2020-04-10,6.0091,15.29,74.71,2.89,2020,4,10,101,15,spring,6.0684,5.785,2.526,5.3314,4.3244066666666665
2020-04-11,5.5975,15.83,71.46,1.73,2020,4,11,102,15,spring,6.0091,6.0684,5.7187,5.8289857142857135,4.434756666666667
2020-04-12,6.3324,15.96,64.18,2.44,2020,4,12,103,15,spring,5.5975,6.0091,5.6244,5.811671428571429,4.43658
2020-04-13,5.3095,16.52,67.89,5.66,2020,4,13,104,16,spring,6.3324,5.5975,5.8342,5.912814285714285,4.4666033333333335
2020-04-14,5.681,17.06,79.69,3.52,2020,4,14,105,16,spring,5.3095,6.3324,5.7631,5.8378571428571435,4.47982
2020-04-15,5.0705,17.46,75.16,3.18,2020,4,15,106,16,spring,5.681,5.3095,5.785,5.826128571428571,4.497443333333333
2020-04-16,5.1362,18.79,76.06,2.67,2020,4,16,107,16,spring,5.0705,5.681,6.0684,5.724057142857143,4.5082033333333325
2020-04-17,5.8882,21.0,72.82,2.5,2020,4,17,108,16,spring,5.1362,5.0705,6.0091,5.590885714285714,4.552026666666666
2020-04-18,5.1998,20.12,79.99,2.0,2020,4,18,109,16,spring,5.8882,5.1362,5.5975,5.573614285714286,4.666243333333333
2020-04-19,4.4616,19.39,75.78,3.44,2020,4,19,110,16,spring,5.1998,5.8882,6.3324,5.516799999999999,4.724296666666666
2020-04-20,3.3413,18.32,81.95,4.71,2020,4,20,111,17,spring,4.4616,5.1998,5.3095,5.249542857142857,4.71317
2020-04-21,5.023,17.5,75.67,6.67,2020,4,21,112,17,spring,3.3413,4.4616,5.681,4.968371428571428,4.782243333333333
2020-04-22,3.2623,15.83,82.42,1.83,2020,4,22,113,17,spring,5.023,3.3413,5.0705,4.874371428571429,4.85906
2020-04-23,6.0307,16.15,77.01,2.68,2020,4,23,114,17,spring,3.2623,5.023,5.1362,4.616057142857143,4.8138499999999995
2020-04-24,4.3608,15.78,80.27,1.52,2020,4,24,115,17,spring,6.0307,3.2623,5.8882,4.743842857142858,4.901176666666666
2020-04-25,4.4659,17.97,77.11,2.37,2020,4,25,116,17,spring,4.3608,6.0307,5.1998,4.5256428571428575,4.97717
2020-04-26,4.4369,18.87,74.05,0.87,2020,4,26,117,17,spring,4.4659,4.3608,4.4616,4.4208,4.960296666666666
2020-04-27,5.1557,18.13,79.97,1.87,2020,4,27,118,18,spring,4.4369,4.4659,3.3413,4.417271428571429,4.94685
2020-04-28,5.5752,17.54,81.76,3.24,2020,4,28,119,18,spring,5.1557,4.4369,5.023,4.676471428571429,4.95521
2020-04-29,3.7106,16.97,76.65,2.93,2020,4,29,120,18,spring,5.5752,5.1557,3.2623,4.755357142857143,5.079896666666667
2020-04-30,7.0733,17.39,70.56,3.33,2020,4,30,121,18,spring,3.7106,5.5752,6.0307,4.8194,5.043710000000001
2020-05-01,7.5146,18.35,66.91,3.61,2020,5,1,122,18,spring,7.0733,3.7106,4.3608,4.968342857142857,5.105463333333333
2020-05-02,7.0807,19.19,69.34,4.57,2020,5,2,123,18,spring,7.5146,7.0733,4.4659,5.418885714285714,5.21179
2020-05-03,7.5276,19.57,73.33,4.9,2020,5,3,124,18,spring,7.0807,7.5146,4.4369,5.792428571428571,5.30122
2020-05-04,7.7234,19.47,73.44,2.76,2020,5,4,125,19,spring,7.5276,7.0807,5.1557,6.233957142857142,5.4679400000000005
2020-05-05,7.0366,22.62,69.05,2.14,2020,5,5,126,19,spring,7.7234,7.5276,5.5752,6.600771428571428,5.534763333333333
2020-05-06,7.3524,22.5,67.14,3.82,2020,5,6,127,19,spring,7.0366,7.7234,3.7106,6.809542857142858,5.581836666666666
2020-05-07,7.0085,20.04,77.67,3.38,2020,5,7,128,19,spring,7.3524,7.0366,7.0733,7.3298,5.632443333333333
2020-05-08,6.845,20.01,72.02,5.48,2020,5,8,129,19,spring,7.0085,7.3524,7.5146,7.320542857142857,5.673956666666666
2020-05-09,5.1382,21.22,70.21,4.41,2020,5,9,130,19,spring,6.845,7.0085,7.0807,7.224885714285715,5.70929
2020-05-10,6.4164,21.69,72.24,4.12,2020,5,10,131,19,spring,5.1382,6.845,7.5276,6.947385714285714,5.678283333333334
2020-05-11,7.2799,20.09,65.32,3.43,2020,5,11,132,20,spring,6.4164,5.1382,7.7234,6.788642857142858,5.69186
2020-05-12,7.6526,22.06,56.27,4.05,2020,5,12,133,20,spring,7.2799,6.4164,7.0366,6.725285714285714,5.74794
2020-05-13,3.3202,23.04,62.91,3.04,2020,5,13,134,20,spring,7.6526,7.2799,7.3524,6.813285714285714,5.791946666666667
2020-05-14,5.2846,23.55,62.56,4.24,2020,5,14,135,20,spring,3.3202,7.6526,7.0085,6.2372571428571435,5.725636666666667
2020-05-15,5.1746,19.57,68.06,2.24,2020,5,15,136,20,spring,5.2846,3.3202,6.845,5.9909857142857135,5.712423333333333
2020-05-16,4.051,21.45,75.52,2.08,2020,5,16,137,20,spring,5.1746,5.2846,5.1382,5.752357142857143,5.715893333333333
2020-05-17,3.4174,20.62,78.05,4.21,2020,5,17,138,20,spring,4.051,5.1746,6.4164,5.597042857142857,5.6797200000000005
2020-05-18,6.3583,19.5,77.03,5.59,2020,5,18,139,21,spring,3.4174,4.051,7.2799,5.168614285714285,5.597359999999999
2020-05-19,5.7701,18.69,74.28,5.82,2020,5,19,140,21,spring,6.3583,3.4174,7.6526,5.036957142857142,5.635976666666667
2020-05-20,7.2934,20.48,68.69,5.63,2020,5,20,141,21,spring,5.7701,6.3583,3.3202,4.768028571428571,5.679593333333333
2020-05-21,6.8522,20.44,72.89,4.93,2020,5,21,142,21,spring,7.2934,5.7701,5.2846,5.335628571428572,5.81133
2020-05-22,7.9896,20.55,66.36,2.23,2020,5,22,143,21,spring,6.8522,7.2934,5.1746,5.559571428571429,5.872303333333333
2020-05-23,7.7496,21.35,56.64,1.77,2020,5,23,144,21,spring,7.9896,6.8522,4.051,5.961714285714286,6.02988
2020-05-24,8.1571,22.92,53.13,1.91,2020,5,24,145,21,spring,7.7496,7.9896,3.4174,6.490085714285715,6.087176666666667
2020-05-25,7.0752,20.69,70.83,2.72,2020,5,25,146,22,spring,8.1571,7.7496,6.3583,7.167185714285714,6.2137199999999995
2020-05-26,7.1544,20.02,74.19,2.82,2020,5,26,147,22,spring,7.0752,8.1571,5.7701,7.2696,6.300696666666666
2020-05-27,6.8155,20.65,65.88,3.11,2020,5,27,148,22,spring,7.1544,7.0752,7.2934,7.467357142857144,6.391279999999999
2020-05-28,7.9762,19.78,59.0,2.83,2020,5,28,149,22,spring,6.8155,7.1544,6.8522,7.399085714285714,6.446606666666667
2020-05-29,7.3879,21.15,67.94,3.94,2020,5,29,150,22,spring,7.9762,6.8155,7.9896,7.559657142857143,6.5266399999999996
2020-05-30,6.5602,21.32,72.77,2.57,2020,5,30,151,22,spring,7.3879,7.9762,7.7496,7.4737,6.649216666666666
2020-05-31,7.571,20.2,71.55,2.44,2020,5,31,152,22,spring,6.5602,7.3879,8.1571,7.303785714285714,6.632113333333334
2020-06-01,6.7982,20.74,62.21,2.67,2020,6,1,153,23,summer,7.571,6.5602,7.0752,7.220057142857143,6.633993333333334
2020-06-02,7.3032,21.46,63.14,1.94,2020,6,2,154,23,summer,6.7982,7.571,7.1544,7.180485714285715,6.624576666666667
2020-06-03,7.4381,22.39,57.85,2.16,2020,6,3,155,23,summer,7.3032,6.7982,6.8155,7.201742857142857,6.617096666666667
2020-06-04,7.4594,25.49,54.87,3.63,2020,6,4,156,23,summer,7.4381,7.3032,7.9762,7.290685714285714,6.607586666666666
2020-06-05,6.4025,21.29,68.93,6.54,2020,6,5,157,23,summer,7.4594,7.4381,7.3879,7.216857142857143,6.62168
2020-06-06,7.5974,22.37,64.02,3.9,2020,6,6,158,23,summer,6.4025,7.4594,6.5602,7.076085714285713,6.590016666666667
2020-06-07,6.2522,22.66,73.33,3.9,2020,6,7,159,23,summer,7.5974,6.4025,7.571,7.224257142857142,6.6096466666666664
2020-06-08,6.7193,22.61,70.14,3.3,2020,6,8,160,24,summer,6.2522,7.5974,6.7982,7.035857142857142,6.589886666666667
2020-06-09,6.9763,20.95,70.57,4.15,2020,6,9,161,24,summer,6.7193,6.2522,7.3032,7.024585714285714,6.64259
2020-06-10,6.5945,20.35,63.25,2.47,2020,6,10,162,24,summer,6.9763,6.7193,7.4381,6.977885714285714,6.661253333333333
2020-06-11,7.2658,22.28,60.91,2.4,2020,6,11,163,24,summer,6.5945,6.9763,7.4594,6.857371428571429,6.638406666666667
2020-06-12,7.0555,25.83,63.58,3.0,2020,6,12,164,24,summer,7.2658,6.5945,6.4025,6.829714285714286,6.625513333333333
2020-06-13,6.3739,23.15,77.0,3.55,2020,6,13,165,24,summer,7.0555,7.2658,7.5974,6.923000000000001,6.750023333333333
2020-06-14,7.614,22.4,69.73,4.61,2020,6,14,166,24,summer,6.3739,7.0555,6.2522,6.748214285714286,6.786333333333333
2020-06-15,7.8019,22.38,64.17,5.28,2020,6,15,167,25,summer,7.614,6.3739,6.7193,6.942757142857142,6.867646666666667
2020-06-16,7.5451,22.87,63.83,3.21,2020,6,16,168,25,summer,7.8019,7.614,6.9763,7.097414285714286,6.992676666666666
2020-06-17,7.2778,23.62,61.49,2.99,2020,6,17,169,25,summer,7.5451,7.8019,6.5945,7.178671428571429,7.130266666666667
2020-06-18,7.3661,25.5,55.41,2.2,2020,6,18,170,25,summer,7.2778,7.5451,7.2658,7.276285714285714,7.160916666666666
2020-06-19,6.9742,24.55,67.39,4.14,2020,6,19,171,25,summer,7.3661,7.2778,7.0555,7.290614285714286,7.214116666666667
2020-06-20,8.2174,23.78,61.91,5.35,2020,6,20,172,25,summer,6.9742,7.3661,6.3739,7.278999999999999,7.203476666666668
2020-06-21,7.2564,23.31,67.3,5.91,2020,6,21,173,25,summer,8.2174,6.9742,7.614,7.542357142857142,7.248983333333333
2020-06-22,7.212,23.58,64.82,5.04,2020,6,22,174,26,summer,7.2564,8.2174,7.8019,7.491271428571429,7.224543333333333
2020-06-23,7.0764,24.27,66.52,2.95,2020,6,23,175,26,summer,7.212,7.2564,7.5451,7.406999999999999,7.206623333333334
2020-06-24,7.902,25.83,53.95,2.51,2020,6,24,176,26,summer,7.0764,7.212,7.2778,7.340042857142857,7.170599999999999
2020-06-25,7.7974,27.29,58.99,4.53,2020,6,25,177,26,summer,7.902,7.0764,7.3661,7.429214285714286,7.198160000000001
2020-06-26,7.2026,27.7,62.37,2.62,2020,6,26,178,26,summer,7.7974,7.902,6.9742,7.490828571428572,7.219593333333334
2020-06-27,6.5618,26.61,69.51,2.04,2020,6,27,179,26,summer,7.2026,7.7974,8.2174,7.523457142857143,7.232496666666666
2020-06-28,7.3262,25.78,72.11,2.48,2020,6,28,180,26,summer,6.5618,7.2026,7.2564,7.286942857142856,7.185350000000001
2020-06-29,7.8629,25.59,68.37,2.28,2020,6,29,181,27,summer,7.3262,6.5618,7.212,7.296914285714285,7.183293333333334
2020-06-30,7.8348,26.93,57.11,1.88,2020,6,30,182,27,summer,7.8629,7.3262,7.0764,7.3899,7.2267166666666665
2020-07-01,7.6363,30.28,45.04,2.22,2020,7,1,183,27,summer,7.8348,7.8629,7.902,7.498242857142857,7.2355100000000006
2020-07-02,7.8403,27.76,57.62,3.84,2020,7,2,184,27,summer,7.6363,7.8348,7.7974,7.460285714285715,7.263446666666667
2020-07-03,7.6598,27.02,61.51,4.2,2020,7,3,185,27,summer,7.8403,7.6363,7.2026,7.4664142857142854,7.28135
2020-07-04,7.3531,24.6,60.82,6.8,2020,7,4,186,27,summer,7.6598,7.8403,6.5618,7.531728571428571,7.28874
2020-07-05,7.6814,24.69,64.64,6.04,2020,7,5,187,27,summer,7.3531,7.6598,7.3262,7.644771428571429,7.285196666666667
2020-07-06,7.3819,24.95,68.89,5.95,2020,7,6,188,28,summer,7.6814,7.3531,7.8629,7.695514285714286,7.327826666666667
2020-07-07,8.1799,24.91,60.12,7.56,2020,7,7,189,28,summer,7.3819,7.6814,7.8348,7.6268,7.320643333333334
2020-07-08,7.7102,23.96,64.78,3.61,2020,7,8,190,28,summer,8.1799,7.3819,7.6363,7.676099999999999,7.3849
2020-07-09,7.2994,24.45,66.41,2.31,2020,7,9,191,28,summer,7.7102,8.1799,7.8403,7.686657142857143,7.417929999999999
2020-07-10,7.3464,26.62,61.94,2.57,2020,7,10,192,28,summer,7.2994,7.7102,7.6598,7.609385714285715,7.428700000000001
2020-07-11,7.2434,28.43,54.66,2.65,2020,7,11,193,28,summer,7.3464,7.2994,7.3531,7.564614285714286,7.453763333333333
2020-07-12,7.824,28.3,54.14,2.01,2020,7,12,194,28,summer,7.2434,7.3464,7.6814,7.5489428571428565,7.453016666666667
2020-07-13,7.1664,27.61,62.52,2.77,2020,7,13,195,29,summer,7.824,7.2434,7.3819,7.569314285714286,7.478633333333333
2020-07-14,7.4597,26.67,63.67,2.55,2020,7,14,196,29,summer,7.1664,7.824,8.1799,7.5385285714285715,7.50505
2020-07-15,5.5954,24.56,73.05,2.16,2020,7,15,197,29,summer,7.4597,7.1664,7.7102,7.435642857142857,7.499906666666666
2020-07-16,7.1681,25.35,62.46,3.72,2020,7,16,198,29,summer,5.5954,7.4597,7.2994,7.133528571428571,7.426356666666667
2020-07-17,6.8189,24.42,64.05,4.96,2020,7,17,199,29,summer,7.1681,5.5954,7.3464,7.114771428571428,7.41379
2020-07-18,7.2458,24.66,64.59,4.72,2020,7,18,200,29,summer,6.8189,7.1681,7.2434,7.039414285714286,7.398493333333334
2020-07-19,7.4592,24.92,67.32,3.05,2020,7,19,201,29,summer,7.2458,6.8189,7.824,7.039757142857143,7.394483333333333
2020-07-20,7.7069,26.76,56.35,2.19,2020,7,20,202,30,summer,7.4592,7.2458,7.1664,6.987642857142858,7.41065
2020-07-21,7.9234,26.08,52.98,3.0,2020,7,21,203,30,summer,7.7069,7.4592,7.4597,7.064857142857143,7.393633333333333
2020-07-22,7.7791,26.35,58.24,2.5,2020,7,22,204,30,summer,7.9234,7.7069,5.5954,7.131100000000001,7.415866666666667
2020-07-23,7.6735,28.42,50.59,2.29,2020,7,23,205,30,summer,7.7791,7.9234,7.1681,7.443057142857143,7.434769999999999
2020-07-24,7.0992,29.35,46.82,2.18,2020,7,24,206,30,summer,7.6735,7.7791,6.8189,7.515257142857143,7.454673333333334
2020-07-25,7.4194,28.21,57.41,3.53,2020,7,25,207,30,summer,7.0992,7.6735,7.2458,7.555300000000001,7.427913333333334
2020-07-26,7.5413,29.3,46.89,1.88,2020,7,26,208,30,summer,7.4194,7.0992,7.4592,7.5801,7.415313333333334
2020-07-27,7.5902,29.85,43.52,2.35,2020,7,27,209,31,summer,7.5413,7.4194,7.7069,7.591828571428571,7.4266033333333334
2020-07-28,7.5658,29.62,43.61,2.36,2020,7,28,210,31,summer,7.5902,7.5413,7.9234,7.575157142857143,7.460883333333332
2020-07-29,7.6642,30.22,47.86,2.36,2020,7,29,211,31,summer,7.5658,7.5902,7.7791,7.524071428571429,7.46887
2020-07-30,7.2739,30.87,41.72,2.66,2020,7,30,212,31,summer,7.6642,7.5658,7.6735,7.507657142857143,7.462246666666667
2020-07-31,7.5586,32.02,38.45,2.69,2020,7,31,213,31,summer,7.2739,7.6642,7.0992,7.450571428571429,7.44355
2020-08-01,7.3666,32.58,37.79,2.21,2020,8,1,214,31,summer,7.5586,7.2739,7.4194,7.5161999999999995,7.44096
2020-08-02,7.229,30.73,54.89,3.38,2020,8,2,215,31,summer,7.3666,7.5586,7.5413,7.508657142857143,7.42517
2020-08-03,6.9137,29.69,57.7,3.17,2020,8,3,216,32,summer,7.229,7.3666,7.5902,7.464042857142857,7.410810000000001
2020-08-04,5.789,27.56,53.99,5.27,2020,8,4,217,32,summer,6.9137,7.229,7.5658,7.367400000000001,7.396163333333334
2020-08-05,7.2046,26.01,50.93,5.51,2020,8,5,218,32,summer,5.789,6.9137,7.6642,7.113571428571428,7.333083333333334
2020-08-06,7.0771,25.95,59.54,3.6,2020,8,6,219,32,summer,7.2046,5.789,7.2739,7.0479142857142865,7.3271733333333335
2020-08-07,6.829,26.24,61.93,2.92,2020,8,7,220,32,summer,7.0771,7.2046,7.5586,7.019799999999999,7.290413333333333
2020-08-08,6.6278,27.22,62.39,3.99,2020,8,8,221,32,summer,6.829,7.0771,7.3666,6.915571428571428,7.26104
2020-08-09,6.8081,27.38,65.67,4.19,2020,8,9,222,32,summer,6.6278,6.829,7.229,6.810028571428572,7.238653333333333
2020-08-10,6.6307,27.63,62.24,2.35,2020,8,10,223,33,summer,6.8081,6.6278,6.9137,6.749899999999999,7.22071
2020-08-11,7.0716,29.13,54.04,2.99,2020,8,11,224,33,summer,6.6307,6.8081,5.789,6.709471428571428,7.200286666666667
2020-08-12,7.085,30.46,51.0,4.17,2020,8,12,225,33,summer,7.0716,6.6307,7.2046,6.8927000000000005,7.175206666666666
2020-08-13,6.7822,32.44,45.36,2.73,2020,8,13,226,33,summer,7.085,7.0716,7.0771,6.875614285714285,7.172493333333334
2020-08-14,5.7053,33.49,39.76,2.99,2020,8,14,227,33,summer,6.7822,7.085,6.829,6.833485714285715,7.14991
2020-08-15,6.143,32.35,45.77,1.33,2020,8,15,228,33,summer,5.7053,6.7822,6.6278,6.672957142857143,7.153573333333333
2020-08-16,6.0276,31.29,46.4,3.94,2020,8,16,229,33,summer,6.143,5.7053,6.8081,6.603700000000001,7.119403333333334
2020-08-17,6.355,29.38,57.83,2.37,2020,8,17,230,34,summer,6.0276,6.143,6.6307,6.4921999999999995,7.093026666666666
2020-08-18,6.2902,28.24,59.44,2.37,2020,8,18,231,34,summer,6.355,6.0276,7.0716,6.452814285714285,7.0633333333333335
2020-08-19,6.6797,28.76,57.4,1.93,2020,8,19,232,34,summer,6.2902,6.355,7.085,6.341185714285714,7.024366666666666
2020-08-20,6.8186,30.01,51.47,3.64,2020,8,20,233,34,summer,6.6797,6.2902,6.7822,6.283285714285715,6.990126666666667
2020-08-21,6.8342,30.98,57.28,5.01,2020,8,21,234,34,summer,6.8186,6.6797,5.7053,6.288485714285714,6.9533000000000005
2020-08-22,6.2112,30.39,61.22,3.45,2020,8,22,235,34,summer,6.8342,6.8186,6.143,6.449757142857143,6.921803333333333
2020-08-23,6.5126,28.49,66.21,5.76,2020,8,23,236,34,summer,6.2112,6.8342,6.0276,6.459499999999999,6.87306
2020-08-24,7.122,27.11,55.65,5.53,2020,8,24,237,35,summer,6.5126,6.2112,6.355,6.528785714285713,6.853506666666666
2020-08-25,6.6266,26.23,56.13,4.52,2020,8,25,238,35,summer,7.122,6.5126,6.2902,6.638357142857143,6.843593333333333
2020-08-26,6.9876,26.76,58.01,2.45,2020,8,26,239,35,summer,6.6266,7.122,6.6797,6.686414285714286,6.813103333333333
2020-08-27,6.6802,27.56,61.29,2.37,2020,8,27,240,35,summer,6.9876,6.6266,6.8186,6.7304,6.793016666666667
2020-08-28,6.636,30.09,46.19,2.55,2020,8,28,241,35,summer,6.6802,6.9876,6.8342,6.710628571428572,6.763496666666667
2020-08-29,6.036,32.88,37.45,3.88,2020,8,29,242,35,summer,6.636,6.6802,6.2112,6.682314285714285,6.729223333333334
2020-08-30,5.9652,29.12,51.52,4.11,2020,8,30,243,35,summer,6.036,6.636,6.5126,6.657285714285714,6.68796
2020-08-31,4.9435,25.42,70.5,4.25,2020,8,31,244,36,summer,5.9652,6.036,7.122,6.579085714285715,6.634846666666666
2020-09-01,6.4426,23.73,57.56,3.36,2020,9,1,245,36,autumn,4.9435,5.9652,6.6266,6.267871428571429,6.554076666666666
2020-09-02,4.2797,24.6,59.96,2.18,2020,9,2,246,36,autumn,6.4426,4.9435,6.9876,6.241585714285714,6.5278633333333325
2020-09-03,4.5946,24.76,62.89,2.74,2020,9,3,247,36,autumn,4.2797,6.4426,6.6802,5.854742857142857,6.440063333333333
2020-09-04,4.758,24.71,65.51,2.76,2020,9,4,248,36,autumn,4.5946,4.2797,6.636,5.5568,6.40025
2020-09-05,1.9766,25.44,73.84,2.2,2020,9,5,249,36,autumn,4.758,4.5946,6.036,5.288514285714286,6.318696666666667
2020-09-06,3.8938,25.0,80.79,1.96,2020,9,6,250,36,autumn,1.9766,4.758,5.9652,4.7086,6.14868
2020-09-07,6.048,25.17,69.1,2.64,2020,9,7,251,37,autumn,3.8938,1.9766,4.9435,4.412685714285714,6.050839999999999
2020-09-08,5.845,25.8,68.31,1.95,2020,9,8,252,37,autumn,6.048,3.8938,6.4426,4.5704714285714285,6.031513333333334
2020-09-09,5.6659,27.29,73.14,2.98,2020,9,9,253,37,autumn,5.845,6.048,4.2797,4.4851,5.999409999999999
2020-09-10,4.2271,26.03,76.25,2.46,2020,9,10,254,37,autumn,5.6659,5.845,4.5946,4.683128571428571,5.967249999999999
2020-09-11,4.9181,23.94,73.48,2.66,2020,9,11,255,37,autumn,4.2271,5.6659,4.758,4.630628571428572,5.872433333333333
2020-09-12,3.8734,23.71,75.78,2.99,2020,9,12,256,37,autumn,4.9181,4.2271,1.9766,4.6535,5.800203333333333
2020-09-13,4.0838,23.56,78.99,2.22,2020,9,13,257,37,autumn,3.8734,4.9181,3.8938,4.924471428571429,5.703243333333334
2020-09-14,2.4902,23.57,79.13,1.85,2020,9,14,258,38,autumn,4.0838,3.8734,6.048,4.951614285714286,5.649193333333333
2020-09-15,4.9255,24.55,74.79,2.55,2020,9,15,259,38,autumn,2.4902,4.0838,5.845,4.443357142857143,5.527433333333333
2020-09-16,5.3285,24.5,75.89,3.65,2020,9,16,260,38,autumn,4.9255,2.4902,5.6659,4.312,5.490696666666667
2020-09-17,5.1581,24.67,72.22,3.35,2020,9,17,261,38,autumn,5.3285,4.9255,4.2271,4.263800000000001,5.45648
2020-09-18,5.651,24.93,68.25,1.82,2020,9,18,262,38,autumn,5.1581,5.3285,4.9181,4.3968,5.4187433333333335
2020-09-19,5.3316,25.49,67.53,1.81,2020,9,19,263,38,autumn,5.651,5.1581,3.8734,4.5015,5.384453333333334
2020-09-20,4.8046,25.55,70.3,2.51,2020,9,20,264,38,autumn,5.3316,5.651,4.0838,4.709814285714286,5.334886666666666
2020-09-21,3.4997,25.82,73.18,1.28,2020,9,21,265,39,autumn,4.8046,5.3316,2.4902,4.812785714285715,5.267233333333333
2020-09-22,3.8741,25.38,74.31,1.33,2020,9,22,266,39,autumn,3.4997,4.8046,4.9255,4.957,5.17685
2020-09-23,3.8102,24.14,78.29,1.01,2020,9,23,267,39,autumn,3.8741,3.4997,5.3285,4.8068,5.0889
2020-09-24,4.1148,26.33,62.17,1.98,2020,9,24,268,39,autumn,3.8102,3.8741,5.1581,4.5899,4.978506666666667
2020-09-25,4.5132,25.41,58.25,5.74,2020,9,25,269,39,autumn,4.1148,3.8102,5.651,4.440857142857142,4.894779999999999
2020-09-26,3.2357,20.93,53.84,7.21,2020,9,26,270,39,autumn,4.5132,4.1148,5.3316,4.278314285714286,4.8123
2020-09-27,4.6207,20.21,60.86,6.01,2020,9,27,271,39,autumn,3.2357,4.5132,4.8046,3.9789,4.6974833333333335
2020-09-28,5.1103,20.82,57.96,3.27,2020,9,28,272,40,autumn,4.6207,3.2357,3.4997,3.9526285714285714,4.630306666666667
2020-09-29,5.3863,21.51,62.06,2.23,2020,9,29,273,40,autumn,5.1103,4.6207,3.8741,4.182714285714286,4.59945
2020-09-30,5.0642,23.13,71.9,2.05,2020,9,30,274,40,autumn,5.3863,5.1103,3.8102,4.3987428571428575,4.5801533333333335
2020-10-01,4.2859,21.25,68.81,2.12,2020,10,1,275,40,autumn,5.0642,5.3863,4.1148,4.577885714285714,4.584176666666667
2020-10-02,4.7638,24.21,60.82,3.37,2020,10,2,276,40,autumn,4.2859,5.0642,4.5132,4.602328571428571,4.512286666666667
2020-10-03,3.4039,22.44,70.79,4.57,2020,10,3,277,40,autumn,4.7638,4.2859,3.2357,4.638128571428572,4.5284233333333335
2020-10-04,4.6109,22.52,61.19,1.71,2020,10,4,278,40,autumn,3.4039,4.7638,4.6207,4.662157142857143,4.488733333333333
2020-10-05,2.9112,21.14,69.54,2.93,2020,10,5,279,41,autumn,4.6109,3.4039,5.1103,4.660757142857142,4.483829999999999
2020-10-06,4.9298,20.04,64.69,3.82,2020,10,6,280,41,autumn,2.9112,4.6109,5.3863,4.3466000000000005,4.514983333333333
2020-10-07,3.9523,20.66,70.53,4.02,2020,10,7,281,41,autumn,4.9298,2.9112,5.0642,4.281385714285714,4.549516666666666
2020-10-08,4.5144,20.7,67.0,4.45,2020,10,8,282,41,autumn,3.9523,4.9298,4.2859,4.122542857142856,4.47966
2020-10-09,4.7453,20.11,63.99,1.48,2020,10,9,283,41,autumn,4.5144,3.9523,4.7638,4.1551857142857145,4.4353066666666665
2020-10-10,4.6085,20.39,64.06,1.66,2020,10,10,284,41,autumn,4.7453,4.5144,3.4039,4.1525428571428575,4.4046199999999995
2020-10-11,3.2566,19.6,74.57,3.65,2020,10,11,285,41,autumn,4.6085,4.7453,4.6109,4.324628571428572,4.417333333333334
2020-10-12,3.4658,17.0,67.92,6.79,2020,10,12,286,42,autumn,3.2566,4.6085,2.9112,4.131157142857143,4.361949999999999
2020-10-13,3.3684,18.12,64.66,4.69,2020,10,13,287,42,autumn,3.4658,3.2566,4.9298,4.210385714285715,4.348363333333334
2020-10-14,4.6786,19.65,52.76,3.51,2020,10,14,288,42,autumn,3.3684,3.4658,3.9523,3.9873285714285713,4.324516666666667
2020-10-15,4.1911,18.67,63.33,4.36,2020,10,15,289,42,autumn,4.6786,3.3684,4.5144,4.091085714285715,4.3974633333333335
2020-10-16,3.8906,17.22,64.16,3.04,2020,10,16,290,42,autumn,4.1911,4.6786,4.7453,4.0449,4.372983333333334
2020-10-17,4.3577,17.3,64.23,1.88,2020,10,17,291,42,autumn,3.8906,4.1911,4.6085,3.9228,4.325053333333333
2020-10-18,3.6238,17.5,66.72,2.63,2020,10,18,292,42,autumn,4.3577,3.8906,3.2566,3.8869714285714285,4.298373333333333
2020-10-19,4.0783,17.94,67.21,1.86,2020,10,19,293,43,autumn,3.6238,4.3577,3.4658,3.9394285714285715,4.2308
2020-10-20,4.3289,19.05,71.12,4.2,2020,10,20,294,43,autumn,4.0783,3.6238,3.3684,4.026928571428572,4.189023333333334
2020-10-21,4.3939,19.81,64.89,4.82,2020,10,21,295,43,autumn,4.3289,4.0783,4.6786,4.164142857142857,4.173166666666666
2020-10-22,3.9955,20.39,72.9,4.91,2020,10,22,296,43,autumn,4.3939,4.3289,4.1911,4.1234714285714285,4.2029733333333334
2020-10-23,3.972,21.61,74.53,3.47,2020,10,23,297,43,autumn,3.9955,4.3939,3.8906,4.095528571428572,4.20702
2020-10-24,3.0266,19.49,82.67,3.97,2020,10,24,298,43,autumn,3.972,3.9955,4.3577,4.107157142857143,4.212413333333333
2020-10-25,3.6816,18.87,73.43,2.6,2020,10,25,299,43,autumn,3.0266,3.972,3.6238,3.9170000000000003,4.17614
2020-10-26,4.1314,19.23,63.17,2.83,2020,10,26,300,44,autumn,3.6816,3.0266,4.0783,3.925257142857143,4.14842
2020-10-27,3.1322,17.48,64.13,5.32,2020,10,27,301,44,autumn,4.1314,3.6816,4.3289,3.9328428571428566,4.178276666666667
2020-10-28,3.3206,17.68,68.91,4.07,2020,10,28,302,44,autumn,3.1322,4.1314,4.3939,3.7618857142857145,4.12866
2020-10-29,3.4411,18.36,74.56,3.91,2020,10,29,303,44,autumn,3.3206,3.1322,3.9955,3.6085571428571432,4.069003333333333
2020-10-30,3.4123,18.15,76.83,3.83,2020,10,30,304,44,autumn,3.4411,3.3206,3.972,3.529357142857143,4.0041633333333335
2020-10-31,3.5873,17.71,80.73,1.66,2020,10,31,305,44,autumn,3.4123,3.4411,3.0266,3.4494000000000002,3.9491000000000005
2020-11-01,3.6684,17.39,75.59,1.31,2020,11,1,306,44,autumn,3.5873,3.4123,3.6816,3.5295,3.925813333333333
2020-11-02,3.7078,17.57,73.71,1.36,2020,11,2,307,45,autumn,3.6684,3.5873,4.1314,3.527614285714286,3.8893
2020-11-03,3.6874,18.09,70.49,1.47,2020,11,3,308,45,autumn,3.7078,3.6684,3.1322,3.4671000000000007,3.89943
2020-11-04,2.5337,18.26,80.76,1.63,2020,11,4,309,45,autumn,3.6874,3.7078,3.3206,3.5464142857142855,3.8686466666666663
2020-11-05,3.3936,18.23,79.91,1.83,2020,11,5,310,45,autumn,2.5337,3.6874,3.4411,3.434,3.856063333333333
2020-11-06,3.2371,18.3,83.23,2.06,2020,11,6,311,45,autumn,3.3936,2.5337,3.4123,3.4272142857142858,3.8048566666666668
2020-11-07,3.2945,18.09,78.4,2.83,2020,11,7,312,45,autumn,3.2371,3.3936,3.5873,3.4021857142857144,3.7810166666666665
2020-11-08,3.2371,19.18,76.13,1.95,2020,11,8,313,45,autumn,3.2945,3.2371,3.6684,3.360357142857143,3.740353333333333
2020-11-09,2.813,18.61,75.09,2.08,2020,11,9,314,46,autumn,3.2371,3.2945,3.7078,3.2987428571428574,3.69008
2020-11-10,3.5489,18.84,67.09,1.44,2020,11,10,315,46,autumn,2.813,3.2371,3.6874,3.1709142857142854,3.6302299999999996
2020-11-11,3.1728,18.15,83.8,1.4,2020,11,11,316,46,autumn,3.5489,2.813,2.5337,3.151128571428572,3.6399733333333333
2020-11-12,3.229,18.25,73.96,2.24,2020,11,12,317,46,autumn,3.1728,3.5489,3.3936,3.2424285714285714,3.6302066666666666
2020-11-13,3.054,18.15,63.06,2.72,2020,11,13,318,46,autumn,3.229,3.1728,3.2371,3.2189142857142854,3.62556
2020-11-14,3.2162,18.8,56.59,2.59,2020,11,14,319,46,autumn,3.054,3.229,3.2945,3.1927571428571433,3.571406666666667
2020-11-15,2.5973,18.58,70.24,1.59,2020,11,15,320,46,autumn,3.2162,3.054,3.2371,3.1815714285714285,3.53891
2020-11-16,2.9669,18.74,82.14,2.9,2020,11,16,321,47,autumn,2.5973,3.2162,2.813,3.0901714285714283,3.4958000000000005
2020-11-17,2.5526,17.5,71.59,4.92,2020,11,17,322,47,autumn,2.9669,2.5973,3.5489,3.112157142857143,3.44944
2020-11-18,2.6719,17.96,79.77,3.9,2020,11,18,323,47,autumn,2.5526,2.9669,3.1728,2.9698285714285713,3.413733333333333
2020-11-19,1.9884,17.7,82.3,3.68,2020,11,19,324,47,autumn,2.6719,2.5526,3.229,2.898271428571429,3.3668533333333333
2020-11-20,2.8284,16.95,64.26,7.99,2020,11,20,325,47,autumn,1.9884,2.6719,3.054,2.7210428571428573,3.288836666666667
2020-11-21,1.9375,15.65,74.84,6.19,2020,11,21,326,47,autumn,2.8284,1.9884,3.2162,2.688814285714286,3.236653333333334
2020-11-22,1.5504,15.95,78.48,5.72,2020,11,22,327,47,autumn,1.9375,2.8284,2.5973,2.5061428571428572,3.1680533333333334
2020-11-23,2.0016,16.08,82.59,3.12,2020,11,23,328,48,autumn,1.5504,1.9375,2.9669,2.356585714285714,3.0873333333333335
2020-11-24,1.7683,15.86,81.98,3.09,2020,11,24,329,48,autumn,2.0016,1.5504,2.5526,2.2186857142857144,3.053166666666667
2020-11-25,2.8716,14.85,78.57,2.5,2020,11,25,330,48,autumn,1.7683,2.0016,2.6719,2.1066428571428575,2.9893899999999998
2020-11-26,3.0782,14.51,75.42,3.54,2020,11,26,331,48,autumn,2.8716,1.7683,1.9884,2.1351714285714283,2.9473966666666667
2020-11-27,1.7767,15.46,86.7,4.32,2020,11,27,332,48,autumn,3.0782,2.8716,2.8284,2.2908571428571425,2.945596666666667
2020-11-28,1.7206,17.43,65.51,6.68,2020,11,28,333,48,autumn,1.7767,3.0782,1.9375,2.140614285714286,2.8941333333333334
2020-11-29,1.6685,14.03,82.8,4.2,2020,11,29,334,48,autumn,1.7206,1.7767,1.5504,2.1096285714285714,2.8367833333333334
2020-11-30,2.4756,15.18,84.55,2.75,2020,11,30,335,49,autumn,1.6685,1.7206,2.0016,2.1265,2.778656666666666
2020-12-01,2.8606,14.57,75.23,2.13,2020,12,1,336,49,winter,2.4756,1.6685,1.7683,2.1942142857142857,2.7415999999999996
2020-12-02,2.5291,13.39,78.48,2.84,2020,12,2,337,49,winter,2.8606,2.4756,2.8716,2.3502571428571426,2.7146733333333333
2020-12-03,2.1806,12.45,76.77,4.89,2020,12,3,338,49,winter,2.5291,2.8606,3.0782,2.3013285714285714,2.6753833333333334
2020-12-04,3.035,11.83,69.27,3.7,2020,12,4,339,49,winter,2.1806,2.5291,1.7767,2.1731000000000003,2.625156666666667
2020-12-05,2.7096,12.71,73.19,5.02,2020,12,5,340,49,winter,3.035,2.1806,1.7206,2.3528571428571428,2.6418666666666666
2020-12-06,2.7317,10.6,83.77,5.5,2020,12,6,341,49,winter,2.7096,3.035,1.6685,2.494142857142857,2.619066666666667
2020-12-07,2.9808,10.82,75.4,4.52,2020,12,7,342,50,winter,2.7317,2.7096,2.4756,2.646028571428572,2.6022200000000004
2020-12-08,2.7466,13.07,70.92,6.02,2020,12,8,343,50,winter,2.9808,2.7317,2.8606,2.7182,2.591763333333333
2020-12-09,2.4672,11.84,77.49,5.7,2020,12,9,344,50,winter,2.7466,2.9808,2.5291,2.701914285714286,2.575413333333333
2020-12-10,1.8034,11.11,80.13,4.76,2020,12,10,345,50,winter,2.4672,2.7466,2.1806,2.6930714285714283,2.563886666666667
2020-12-11,1.9714,13.56,77.11,4.61,2020,12,11,346,50,winter,1.8034,2.4672,3.035,2.639185714285714,2.5057033333333334
2020-12-12,1.381,14.55,83.61,4.98,2020,12,12,347,50,winter,1.9714,1.8034,2.7096,2.487242857142857,2.465656666666667
2020-12-13,2.3935,13.58,71.37,7.66,2020,12,13,348,50,winter,1.381,1.9714,2.7317,2.2974428571428573,2.404056666666667
2020-12-14,2.8781,12.73,75.1,2.14,2020,12,14,349,51,winter,2.3935,1.381,2.9808,2.2491285714285714,2.3820400000000004
2020-12-15,2.7646,13.81,76.35,1.84,2020,12,15,350,51,winter,2.8781,2.3935,2.7466,2.234457142857143,2.37077
2020-12-16,2.6136,13.71,84.53,1.73,2020,12,16,351,51,winter,2.7646,2.8781,2.4672,2.2370285714285716,2.376346666666666
2020-12-17,2.1535,13.96,85.09,2.73,2020,12,17,352,51,winter,2.6136,2.7646,1.8034,2.257942857142857,2.36457
2020-12-18,1.3656,14.85,90.56,2.58,2020,12,18,353,51,winter,2.1535,2.6136,1.9714,2.3079571428571426,2.3512666666666666
2020-12-19,1.339,14.94,88.64,2.32,2020,12,19,354,51,winter,1.3656,2.1535,1.381,2.221414285714286,2.307723333333333
2020-12-20,2.0374,13.32,90.01,1.37,2020,12,20,355,51,winter,1.339,1.3656,2.3935,2.2154142857142856,2.2860766666666668
2020-12-21,1.9574,13.58,90.18,2.63,2020,12,21,356,52,winter,2.0374,1.339,2.8781,2.164542857142857,2.2597099999999997
2020-12-22,2.1374,13.24,89.5,2.46,2020,12,22,357,52,winter,1.9574,2.0374,2.7646,2.0330142857142857,2.2603733333333333
2020-12-23,2.7835,12.99,79.5,1.77,2020,12,23,358,52,winter,2.1374,1.9574,2.6136,1.9434142857142855,2.2799400000000003
2020-12-24,2.7955,12.62,74.69,2.24,2020,12,24,359,52,winter,2.7835,2.1374,2.1535,1.9676857142857145,2.3060033333333334
2020-12-25,2.7962,12.44,82.09,3.16,2020,12,25,360,52,winter,2.7955,2.7835,1.3656,2.0593999999999997,2.3402433333333335
2020-12-26,1.0634,10.87,74.67,6.52,2020,12,26,361,52,winter,2.7962,2.7955,1.339,2.2637714285714288,2.33773
2020-12-27,2.1938,9.62,80.2,5.18,2020,12,27,362,52,winter,1.0634,2.7962,2.0374,2.2244,2.2705699999999998
2020-12-28,3.0072,10.16,68.33,4.61,2020,12,28,363,53,winter,2.1938,1.0634,1.9574,2.246742857142857,2.284473333333333
2020-12-29,2.6705,11.29,80.3,3.27,2020,12,29,364,53,winter,3.0072,2.1938,2.1374,2.396714285714286,2.32736
2020-12-30,2.6472,10.45,81.15,4.42,2020,12,30,365,53,winter,2.6705,3.0072,2.7835,2.472871428571429,2.36076
2020-12-31,2.8517,10.56,74.41,3.19,2020,12,31,366,53,winter,2.6472,2.6705,2.7955,2.4534,2.36648
2021-01-01,2.9568,8.08,70.52,3.85,2021,1,1,1,53,winter,2.8517,2.6472,2.7962,2.4614285714285713,2.3661833333333333
2021-01-02,2.9462,8.62,67.67,3.47,2021,1,2,2,53,winter,2.9568,2.8517,1.0634,2.4843714285714285,2.38044
2021-01-03,2.6287,7.83,74.15,3.74,2021,1,3,3,53,winter,2.9462,2.9568,2.1938,2.7533428571428575,2.40596
2021-01-04,2.8769,7.82,76.04,3.68,2021,1,4,4,1,winter,2.6287,2.9462,3.0072,2.815471428571428,2.392416666666667
2021-01-05,2.5102,7.39,66.75,3.13,2021,1,5,5,1,winter,2.8769,2.6287,2.6705,2.796857142857143,2.397993333333333
2021-01-06,1.3678,9.37,68.57,2.01,2021,1,6,6,1,winter,2.5102,2.8769,2.6472,2.773957142857143,2.39061
2021-01-07,2.4888,13.52,77.38,2.76,2021,1,7,7,1,winter,1.3678,2.5102,2.8517,2.5911857142857144,2.3368433333333334
2021-01-08,2.4262,13.71,89.8,2.44,2021,1,8,8,1,winter,2.4888,1.3678,2.9568,2.539342857142857,2.32825
2021-01-09,1.4489,16.48,78.88,2.63,2021,1,9,9,1,winter,2.4262,2.4888,2.9462,2.4635428571428575,2.3268833333333334
2021-01-10,1.9277,14.05,85.51,3.22,2021,1,10,10,1,winter,1.4489,2.4262,2.6287,2.249642857142857,2.3150666666666666
2021-01-11,2.7571,12.01,75.03,1.89,2021,1,11,11,2,winter,1.9277,1.4489,2.8769,2.1495,2.3136099999999997
2021-01-12,2.028,10.84,76.28,6.67,2021,1,12,12,2,winter,2.7571,1.9277,2.5102,2.1323857142857143,2.35948
2021-01-13,1.5444,12.61,73.68,7.89,2021,1,13,13,2,winter,2.028,2.7571,1.3678,2.0635,2.3472966666666664
2021-01-14,2.4732,13.38,73.58,7.46,2021,1,14,14,2,winter,1.5444,2.028,2.4888,2.0887285714285713,2.3028399999999993
2021-01-15,2.4744,13.16,68.41,7.84,2021,1,15,15,2,winter,2.4732,1.5444,2.4262,2.0865,2.2931266666666668
2021-01-16,2.0242,11.15,72.49,5.51,2021,1,16,16,2,winter,2.4744,2.4732,1.4489,2.093385714285714,2.2884866666666666
2021-01-17,2.5133,12.0,73.83,6.58,2021,1,17,17,2,winter,2.0242,2.4744,1.9277,2.1755714285714283,2.2841766666666667
2021-01-18,2.3983,11.77,70.37,4.74,2021,1,18,18,3,winter,2.5133,2.0242,2.7571,2.2592285714285714,2.3224333333333336
2021-01-19,3.2486,10.36,71.44,2.19,2021,1,19,19,3,winter,2.3983,2.5133,2.028,2.2079714285714287,2.357743333333333
2021-01-20,3.2191,10.09,68.36,3.34,2021,1,20,20,3,winter,3.2486,2.3983,1.5444,2.382342857142857,2.3981166666666667
2021-01-21,2.1622,9.94,66.23,2.79,2021,1,21,21,3,winter,3.2191,3.2486,2.4732,2.621585714285714,2.440173333333333
2021-01-22,2.6683,12.86,71.99,2.92,2021,1,22,22,3,winter,2.1622,3.2191,2.4744,2.5771571428571427,2.441
2021-01-23,2.8399,12.82,75.69,5.51,2021,1,23,23,3,winter,2.6683,2.1622,2.0242,2.604857142857143,2.43716
2021-01-24,2.2673,12.24,74.12,5.82,2021,1,24,24,3,winter,2.8399,2.6683,2.5133,2.7213857142857143,2.43864
2021-01-25,2.1355,12.21,82.36,3.38,2021,1,25,25,4,winter,2.2673,2.8399,2.3983,2.686242857142857,2.4210100000000003
2021-01-26,3.103,11.79,69.06,6.5,2021,1,26,26,4,winter,2.1355,2.2673,3.2486,2.6487000000000003,2.4567466666666666
2021-01-27,2.2476,11.84,78.51,4.29,2021,1,27,27,4,winter,3.103,2.1355,3.2191,2.6279,2.487053333333334
2021-01-28,1.8463,14.43,87.42,5.19,2021,1,28,28,4,winter,2.2476,3.103,2.1622,2.489114285714286,2.461733333333333
2021-01-29,2.5217,15.21,79.31,4.53,2021,1,29,29,4,winter,1.8463,2.2476,2.6683,2.443985714285714,2.43426
2021-01-30,3.6034,15.53,76.17,3.44,2021,1,30,30,4,winter,2.5217,1.8463,2.8399,2.4230428571428573,2.430076666666667
2021-01-31,2.7226,13.73,75.96,5.77,2021,1,31,31,4,winter,3.6034,2.5217,2.2673,2.532114285714286,2.4551333333333334
2021-02-01,1.5329,12.9,84.94,4.78,2021,2,1,32,5,winter,2.7226,3.6034,2.1355,2.5971571428571427,2.4473266666666667
2021-02-02,3.5705,13.45,83.34,4.6,2021,2,2,33,5,winter,1.5329,2.7226,3.103,2.511071428571429,2.4002166666666667
2021-02-03,3.6137,14.68,75.8,2.09,2021,2,3,34,5,winter,3.5705,1.5329,2.2476,2.5778571428571433,2.43161
2021-02-04,3.4147,14.64,66.07,2.09,2021,2,4,35,5,winter,3.6137,3.5705,1.8463,2.773014285714286,2.45617
2021-02-05,3.7474,15.12,59.13,2.65,2021,2,5,36,5,winter,3.4147,3.6137,2.5217,2.9970714285714286,2.4863199999999996
2021-02-06,3.335,16.71,50.59,3.83,2021,2,6,37,5,winter,3.7474,3.4147,3.6034,3.1721714285714286,2.56564
2021-02-07,0.8436,13.99,75.3,3.63,2021,2,7,38,5,winter,3.335,3.7474,2.7226,3.133828571428572,2.5938466666666664
2021-02-08,3.6571,13.54,74.31,4.37,2021,2,8,39,6,winter,0.8436,3.335,1.5329,2.8654,2.5410933333333334
2021-02-09,4.0925,13.45,71.94,4.15,2021,2,9,40,6,winter,3.6571,0.8436,3.5705,3.1688571428571426,2.6147
2021-02-10,3.4176,14.69,69.79,4.61,2021,2,10,41,6,winter,4.0925,3.6571,3.6137,3.2434285714285713,2.6868600000000002
2021-02-11,3.6197,13.07,71.45,5.11,2021,2,11,42,6,winter,3.4176,4.0925,3.4147,3.2154142857142856,2.708876666666667
2021-02-12,4.0008,12.99,76.68,1.89,2021,2,12,43,6,winter,3.6197,3.4176,3.7474,3.2446999999999995,2.7619333333333334
2021-02-13,2.1317,13.53,81.92,5.45,2021,2,13,44,6,winter,4.0008,3.6197,3.335,3.2809,2.8438133333333337
2021-02-14,2.3707,9.5,67.12,5.29,2021,2,14,45,6,winter,2.1317,4.0008,0.8436,3.1089999999999995,2.83243
2021-02-15,2.8817,8.13,62.8,3.33,2021,2,15,46,7,winter,2.3707,2.1317,3.6571,3.3271571428571427,2.828973333333333
2021-02-16,4.3867,8.46,60.11,1.94,2021,2,16,47,7,winter,2.8817,2.3707,4.0925,3.2163857142857144,2.857556666666667
2021-02-17,4.2581,10.2,73.3,2.3,2021,2,17,48,7,winter,4.3867,2.8817,3.4176,3.2584142857142857,2.9200033333333333
2021-02-18,4.3198,11.1,76.21,2.24,2021,2,18,49,7,winter,4.2581,4.3867,3.6197,3.378485714285714,2.981996666666667
2021-02-19,4.3778,11.69,78.24,3.03,2021,2,19,50,7,winter,4.3198,4.2581,4.0008,3.4785,3.017703333333334
2021-02-20,4.3272,12.5,71.4,3.35,2021,2,20,51,7,winter,4.3778,4.3198,2.1317,3.5323571428571428,3.0563266666666666
2021-02-21,3.4709,13.44,73.93,4.71,2021,2,21,52,7,winter,4.3272,4.3778,2.3707,3.846,3.1284933333333336
2021-02-22,3.2443,14.04,86.27,5.55,2021,2,22,53,8,winter,3.4709,4.3272,2.8817,4.003171428571429,3.155246666666667
2021-02-23,3.5126,13.02,81.82,3.18,2021,2,23,54,8,winter,3.2443,3.4709,4.3867,4.054971428571428,3.1687266666666667
2021-02-24,4.6075,12.46,78.88,1.41,2021,2,24,55,8,winter,3.5126,3.2443,4.2581,3.9301,3.2102366666666664
2021-02-25,3.895,12.42,80.84,1.04,2021,2,25,56,8,winter,4.6075,3.5126,4.3198,3.9800142857142857,3.2926366666666667
2021-02-26,4.6222,11.95,74.42,1.4,2021,2,26,57,8,winter,3.895,4.6075,4.3778,3.9193285714285717,3.319036666666667
2021-02-27,4.4393,12.0,78.57,1.51,2021,2,27,58,8,winter,4.6222,3.895,4.3272,3.954242857142858,3.39819
2021-02-28,4.0543,13.16,77.3,1.96,2021,2,28,59,8,winter,4.4393,4.6222,3.4709,3.970257142857143,3.4846233333333334
2021-03-01,4.6874,12.49,78.13,3.57,2021,3,1,60,9,spring,4.0543,4.4393,3.2443,4.0536,3.53571
2021-03-02,3.8513,13.22,83.84,4.04,2021,3,2,61,9,spring,4.6874,4.0543,3.5126,4.259757142857143,3.5718433333333333
2021-03-03,3.8582,12.85,78.75,3.68,2021,3,3,62,9,spring,3.8513,4.6874,4.6075,4.308142857142857,3.609466666666667
2021-03-04,3.2681,13.49,82.62,3.5,2021,3,4,63,9,spring,3.8582,3.8513,3.895,4.2011,3.686976666666667
2021-03-05,2.1499,12.97,82.68,1.87,2021,3,5,64,9,spring,3.2681,3.8582,4.6222,4.111542857142857,3.6768966666666665
2021-03-06,4.7496,13.55,78.74,1.66,2021,3,6,65,9,spring,2.1499,3.2681,4.4393,3.7583571428571427,3.6281033333333337
2021-03-07,4.26,14.23,78.57,4.45,2021,3,7,66,9,spring,4.7496,2.1499,4.0543,3.8026857142857144,3.6726000000000005
2021-03-08,3.7054,14.55,77.72,2.08,2021,3,8,67,10,spring,4.26,4.7496,4.6874,3.8320714285714286,3.689686666666667
2021-03-09,2.7691,12.64,89.01,2.34,2021,3,9,68,10,spring,3.7054,4.26,3.8513,3.6917857142857144,3.702033333333333
2021-03-10,4.6898,12.78,71.42,5.17,2021,3,10,69,10,spring,2.7691,3.7054,3.8582,3.5371857142857146,3.7662166666666668
2021-03-11,5.179,12.49,69.24,3.02,2021,3,11,70,10,spring,4.6898,2.7691,3.2681,3.655985714285714,3.80064
2021-03-12,5.689,12.92,60.13,1.93,2021,3,12,71,10,spring,5.179,4.6898,2.1499,3.928971428571429,3.836856666666667
2021-03-13,4.5941,12.59,74.46,3.47,2021,3,13,72,10,spring,5.689,5.179,4.7496,4.434557142857143,3.91257
2021-03-14,5.3546,12.43,76.14,4.59,2021,3,14,73,10,spring,4.5941,5.689,4.26,4.412342857142857,3.94505
2021-03-15,5.4053,12.62,65.36,6.87,2021,3,15,74,11,spring,5.3546,4.5941,3.7054,4.568714285714286,3.990176666666667
2021-03-16,4.0291,13.01,66.2,7.74,2021,3,16,75,11,spring,5.4053,5.3546,2.7691,4.811557142857143,4.099296666666667
2021-03-17,3.8758,12.08,72.94,4.02,2021,3,17,76,11,spring,4.0291,5.4053,4.6898,4.991557142857142,4.154576666666667
2021-03-18,4.7208,12.15,71.85,4.82,2021,3,18,77,11,spring,3.8758,4.0291,5.179,4.875271428571429,4.187713333333333
2021-03-19,2.3537,10.05,83.83,2.2,2021,3,19,78,11,spring,4.7208,3.8758,5.689,4.809814285714286,4.198849999999999
2021-03-20,1.4899,11.77,88.38,2.64,2021,3,20,79,11,spring,2.3537,4.7208,4.5941,4.333342857142857,4.13537
2021-03-21,2.2483,10.57,76.37,4.85,2021,3,21,80,11,spring,1.4899,2.3537,5.3546,3.889885714285714,4.04104
2021-03-22,4.6133,9.98,64.51,4.77,2021,3,22,81,12,spring,2.2483,1.4899,5.4053,3.446128571428571,3.9700566666666663
2021-03-23,4.9037,11.37,63.41,5.04,2021,3,23,82,12,spring,4.6133,2.2483,4.0291,3.3329857142857144,3.9795933333333333
2021-03-24,5.304,11.58,73.75,2.52,2021,3,24,83,12,spring,4.9037,4.6133,3.8758,3.457928571428571,4.027353333333333
2021-03-25,5.5159,12.36,79.24,2.02,2021,3,25,84,12,spring,5.304,4.9037,4.7208,3.661957142857143,4.096010000000001
2021-03-26,5.4686,13.2,72.74,1.9,2021,3,26,85,12,spring,5.5159,5.304,2.3537,3.775542857142857,4.162786666666666
2021-03-27,5.7708,15.1,63.86,1.89,2021,3,27,86,12,spring,5.4686,5.5159,1.4899,4.220528571428572,4.19149
2021-03-28,6.0509,14.71,81.18,2.15,2021,3,28,87,12,spring,5.7708,5.4686,2.2483,4.832085714285715,4.254016666666667
2021-03-29,6.0422,14.52,80.27,2.04,2021,3,29,88,13,spring,6.0509,5.7708,4.6133,5.375314285714286,4.301640000000001
2021-03-30,6.2585,13.73,77.77,2.0,2021,3,30,89,13,spring,6.0422,6.0509,4.9037,5.579442857142857,4.3550699999999996
2021-03-31,5.9035,14.67,77.08,1.54,2021,3,31,90,13,spring,6.2585,6.0422,5.304,5.772985714285714,4.428543333333334
2021-04-01,6.0252,15.86,69.51,2.38,2021,4,1,91,13,spring,5.9035,6.2585,5.5159,5.858628571428572,4.469080000000001
2021-04-02,5.8829,16.69,75.9,1.96,2021,4,2,92,13,spring,6.0252,5.9035,5.4686,5.931385714285715,4.541543333333333
2021-04-03,5.7631,16.51,78.77,2.07,2021,4,3,93,13,spring,5.8829,6.0252,5.7708,5.990571428571428,4.609033333333333
2021-04-04,4.1904,15.93,78.63,3.01,2021,4,4,94,13,spring,5.7631,5.8829,6.0509,5.989471428571428,4.692200000000001
2021-04-05,4.4722,14.58,80.89,2.56,2021,4,5,95,14,spring,4.1904,5.7631,6.0422,5.723685714285715,4.7602166666666665
2021-04-06,6.2285,14.94,71.05,4.1,2021,4,6,96,14,spring,4.4722,4.1904,6.2585,5.4994000000000005,4.75097
2021-04-07,5.9909,13.81,68.39,5.03,2021,4,7,97,14,spring,6.2285,4.4722,5.9035,5.495114285714286,4.816586666666667
2021-04-08,5.7708,11.65,59.05,3.14,2021,4,8,98,14,spring,5.9909,6.2285,6.0252,5.507600000000001,4.8927700000000005
2021-04-09,6.2321,13.32,67.01,5.57,2021,4,9,99,14,spring,5.7708,5.9909,5.8829,5.471257142857143,4.992826666666667
2021-04-10,5.6676,15.56,67.59,6.43,2021,4,10,100,14,spring,6.2321,5.7708,5.7631,5.521142857142857,5.0442366666666665
2021-04-11,4.7621,15.8,77.17,5.32,2021,4,11,101,14,spring,5.6676,6.2321,4.1904,5.5075,5.060523333333333
2021-04-12,3.5712,16.06,80.82,2.95,2021,4,12,102,15,spring,4.7621,5.6676,4.4722,5.5891714285714285,5.029626666666667
2021-04-13,7.0951,13.75,64.1,5.07,2021,4,13,103,15,spring,3.5712,4.7621,6.2285,5.460457142857143,4.9955300000000005
2021-04-14,6.4392,14.4,65.22,2.44,2021,4,14,104,15,spring,7.0951,3.5712,5.9909,5.584257142857143,5.053546666666667
2021-04-15,2.2226,13.47,87.63,3.74,2021,4,15,105,15,spring,6.4392,7.0951,5.7708,5.6483,5.08801
2021-04-16,1.4554,14.04,85.46,4.47,2021,4,16,106,15,spring,2.2226,6.4392,6.2321,5.141414285714286,5.027793333333333
2021-04-17,2.0767,12.59,85.04,3.06,2021,4,17,107,15,spring,1.4554,2.2226,5.6676,4.459028571428571,4.947113333333333
2021-04-18,5.1089,11.77,73.23,4.59,2021,4,18,108,15,spring,2.0767,1.4554,4.7621,3.946042857142857,4.858976666666667
2021-04-19,5.4698,12.97,68.45,4.19,2021,4,19,109,16,spring,5.1089,2.0767,3.5712,3.9955857142857143,4.950816666666666
2021-04-20,6.3509,14.8,66.48,2.26,2021,4,20,110,16,spring,5.4698,5.1089,7.0951,4.266814285714285,5.08348
2021-04-21,4.3469,15.98,75.32,3.14,2021,4,21,111,16,spring,6.3509,5.4698,6.4392,4.1605,5.220233333333334
2021-04-22,3.9634,17.29,82.14,1.88,2021,4,22,112,16,spring,4.3469,6.3509,2.2226,3.8616,5.211353333333334
2021-04-23,2.0028,15.55,88.67,1.78,2021,4,23,113,16,spring,3.9634,4.3469,1.4554,4.110285714285714,5.180009999999999
2021-04-24,7.0906,15.34,77.87,2.95,2021,4,24,114,16,spring,2.0028,3.9634,2.0767,4.188485714285714,5.06997
2021-04-25,7.4542,16.7,70.5,3.5,2021,4,25,115,16,spring,7.0906,2.0028,5.1089,4.904757142857143,5.12246
2021-04-26,5.5994,19.74,68.67,5.56,2021,4,26,116,17,spring,7.4542,7.0906,5.4698,5.239800000000001,5.188646666666667
2021-04-27,6.8712,18.38,72.78,2.45,2021,4,27,117,17,spring,5.5994,7.4542,6.3509,5.2583142857142855,5.182933333333334
2021-04-28,7.0219,19.31,64.27,1.95,2021,4,28,118,17,spring,6.8712,5.5994,4.3469,5.332642857142857,5.210276666666667
2021-04-29,7.3702,19.62,70.53,1.71,2021,4,29,119,17,spring,7.0219,6.8712,3.9634,5.714785714285715,5.242933333333334
2021-04-30,4.7074,22.37,67.27,2.68,2021,4,30,120,17,spring,7.3702,7.0219,2.0028,6.201471428571429,5.27999
2021-05-01,3.3334,19.86,76.91,3.11,2021,5,1,121,17,spring,4.7074,7.3702,7.0906,6.587842857142857,5.24012
2021-05-02,5.7372,17.68,74.59,2.48,2021,5,2,122,17,spring,3.3334,4.7074,7.4542,6.051099999999999,5.1503933333333345
2021-05-03,2.671,16.19,79.71,2.28,2021,5,3,123,18,spring,5.7372,3.3334,5.5994,5.805814285714285,5.1455366666666675
2021-05-04,4.89,19.81,73.11,2.36,2021,5,4,124,18,spring,2.671,5.7372,6.8712,5.387471428571429,5.042466666666667
2021-05-05,3.5232,18.25,85.37,1.93,2021,5,5,125,18,spring,4.89,2.671,7.0219,5.104442857142857,5.065786666666667
2021-05-06,4.1638,17.36,77.46,1.02,2021,5,6,126,18,spring,3.5232,4.89,7.3702,4.604628571428571,5.034153333333333
2021-05-07,5.7538,18.14,74.6,2.52,2021,5,7,127,18,spring,4.1638,3.5232,4.7074,4.146571428571429,4.96533
2021-05-08,7.9601,18.89,70.68,2.9,2021,5,8,128,18,spring,5.7538,4.1638,3.3334,4.296057142857143,4.957426666666666
2021-05-09,7.8842,20.87,62.68,3.78,2021,5,9,129,18,spring,7.9601,5.7538,5.7372,4.957014285714286,5.030403333333334
2021-05-10,7.4774,21.45,58.82,5.22,2021,5,10,130,19,spring,7.8842,7.9601,2.671,5.2637285714285715,5.085473333333334
2021-05-11,6.2688,18.99,74.29,4.2,2021,5,11,131,19,spring,7.4774,7.8842,4.89,5.9503571428571425,5.1458
2021-05-12,7.6483,17.75,63.33,3.92,2021,5,12,132,19,spring,6.2688,7.4774,3.5232,6.147328571428572,5.196023333333334
2021-05-13,7.8696,18.83,60.42,2.77,2021,5,13,133,19,spring,7.6483,6.2688,4.1638,6.7366285714285725,5.331926666666666
2021-05-14,7.247,20.38,61.74,3.49,2021,5,14,134,19,spring,7.8696,7.6483,5.7538,7.2660285714285715,5.3577433333333335
2021-05-15,7.7981,19.24,59.09,3.26,2021,5,15,135,19,spring,7.247,7.8696,7.9601,7.479342857142858,5.38467
2021-05-16,8.0868,22.84,50.59,2.6,2021,5,16,136,19,spring,7.7981,7.247,7.8842,7.4562,5.57052
2021-05-17,8.0114,21.66,60.79,2.95,2021,5,17,137,20,spring,8.0868,7.7981,7.4774,7.485142857142857,5.791566666666667
2021-05-18,7.4026,19.56,57.96,2.9,2021,5,18,138,20,spring,8.0114,8.0868,6.2688,7.561428571428571,5.989389999999999
2021-05-19,7.7508,20.09,59.24,3.42,2021,5,19,139,20,spring,7.4026,8.0114,7.6483,7.723399999999999,6.065846666666667
2021-05-20,7.7789,18.46,60.43,5.72,2021,5,20,140,20,spring,7.7508,7.4026,7.8696,7.738042857142856,6.14188
2021-05-21,7.9279,19.94,58.45,3.6,2021,5,21,141,20,spring,7.7789,7.7508,7.247,7.725085714285713,6.18948
2021-05-22,7.0968,23.77,54.75,3.6,2021,5,22,142,20,spring,7.9279,7.7789,7.7981,7.822357142857142,6.308846666666667
2021-05-23,7.2874,24.33,57.96,3.78,2021,5,23,143,20,spring,7.0968,7.9279,8.0868,7.7221714285714285,6.413293333333334
2021-05-24,7.6416,21.52,67.37,5.31,2021,5,24,144,21,spring,7.2874,7.0968,8.0114,7.607971428571429,6.5894466666666665
2021-05-25,7.4671,19.15,71.0,4.02,2021,5,25,145,21,spring,7.6416,7.2874,7.4026,7.555142857142857,6.607813333333334
2021-05-26,5.1744,20.62,60.89,1.72,2021,5,26,146,21,spring,7.4671,7.6416,7.7508,7.564357142857143,6.608243333333333
2021-05-27,6.2335,23.1,65.77,2.29,2021,5,27,147,21,spring,5.1744,7.4671,7.7789,7.196300000000001,6.594076666666666
2021-05-28,5.951,21.79,66.45,3.55,2021,5,28,148,21,spring,6.2335,5.1744,7.9279,6.975528571428572,6.572820000000001
2021-05-29,6.7435,22.73,60.7,1.67,2021,5,29,149,21,spring,5.951,6.2335,7.0968,6.6931142857142865,6.537123333333333
2021-05-30,7.7426,22.0,62.93,3.45,2021,5,30,150,21,spring,6.7435,5.951,7.2874,6.6426428571428575,6.516233333333333
2021-05-31,6.7363,22.11,61.33,2.67,2021,5,31,151,22,spring,7.7426,6.7435,7.6416,6.707671428571429,6.617406666666667
2021-06-01,3.3703,21.63,73.08,3.19,2021,6,1,152,22,summer,6.7363,7.7426,7.4671,6.578342857142857,6.730836666666666
2021-06-02,6.4236,22.53,71.04,5.42,2021,6,2,153,22,summer,3.3703,6.7363,5.1744,5.993085714285714,6.651940000000001
2021-06-03,6.4404,23.95,67.58,5.23,2021,6,3,154,22,summer,6.4236,3.3703,6.2335,6.171542857142858,6.777026666666667
2021-06-04,7.3073,24.29,64.77,4.23,2021,6,4,155,22,summer,6.4404,6.4236,5.951,6.201099999999999,6.828706666666666
2021-06-05,6.3434,24.21,59.41,3.41,2021,6,5,156,22,summer,7.3073,6.4404,6.7435,6.394857142857142,6.954843333333334
2021-06-06,6.5431,24.57,59.47,4.27,2021,6,6,157,22,summer,6.3434,7.3073,7.7426,6.3377,7.027496666666666
2021-06-07,7.5379,22.5,67.83,4.7,2021,6,7,158,23,summer,6.5431,6.3434,6.7363,6.166342857142857,7.0538066666666674
2021-06-08,8.1857,22.34,62.78,3.85,2021,6,8,159,23,summer,7.5379,6.5431,3.3703,6.280857142857143,7.039733333333333
2021-06-09,7.5514,21.97,69.73,4.41,2021,6,9,160,23,summer,8.1857,7.5379,6.4236,6.968771428571428,7.049783333333334
2021-06-10,6.9094,22.73,71.41,3.54,2021,6,10,161,23,summer,7.5514,8.1857,6.4404,7.129885714285714,7.05225
2021-06-11,7.1614,23.49,63.29,2.44,2021,6,11,162,23,summer,6.9094,7.5514,7.3073,7.196885714285714,7.073603333333334
2021-06-12,7.4532,23.8,58.14,1.8,2021,6,12,163,23,summer,7.1614,6.9094,6.3434,7.176042857142856,7.0573733333333335
2021-06-13,7.7057,24.69,55.47,2.01,2021,6,13,164,23,summer,7.4532,7.1614,6.5431,7.334585714285715,7.043493333333333
2021-06-14,8.0657,25.98,48.06,1.71,2021,6,14,165,24,summer,7.7057,7.4532,7.5379,7.500671428571429,7.058783333333334
2021-06-15,7.8718,26.09,53.16,2.12,2021,6,15,166,24,summer,8.0657,7.7057,8.1857,7.576071428571429,7.067703333333333
2021-06-16,7.8674,26.84,52.54,4.26,2021,6,16,167,24,summer,7.8718,8.0657,7.5514,7.531228571428572,7.060536666666667
2021-06-17,6.7025,27.11,58.41,4.72,2021,6,17,168,24,summer,7.8674,7.8718,6.9094,7.576371428571428,7.055736666666666
2021-06-18,6.2837,27.33,57.2,3.28,2021,6,18,169,24,summer,6.7025,7.8674,7.1614,7.5468142857142855,7.0324
2021-06-19,7.3358,30.09,48.57,3.23,2021,6,19,170,24,summer,6.2837,6.7025,7.4532,7.421428571428572,6.983496666666667
2021-06-20,5.7542,31.21,41.34,3.15,2021,6,20,171,24,summer,7.3358,6.2837,7.7057,7.404657142857142,6.968726666666666
2021-06-21,6.9509,29.26,54.45,4.0,2021,6,21,172,25,summer,5.7542,7.3358,8.0657,7.125871428571428,6.8962699999999995
2021-06-22,6.954,25.68,59.53,2.99,2021,6,22,173,25,summer,6.9509,5.7542,7.8718,6.966614285714286,6.891406666666667
2021-06-23,5.1331,25.46,62.18,2.49,2021,6,23,174,25,summer,6.954,6.9509,7.8674,6.835499999999999,6.8802933333333325
2021-06-24,6.414,25.77,67.46,1.44,2021,6,24,175,25,summer,5.1331,6.954,6.7025,6.444885714285713,6.7966766666666665
2021-06-25,4.6447,28.19,59.42,1.83,2021,6,25,176,25,summer,6.414,5.1331,6.2837,6.403671428571428,6.761573333333333
2021-06-26,4.8382,27.98,56.69,2.95,2021,6,26,177,25,summer,4.6447,6.414,7.3358,6.169528571428571,6.743916666666666
2021-06-27,4.8029,31.09,41.61,2.87,2021,6,27,178,25,summer,4.8382,4.6447,5.7542,5.812728571428571,6.697406666666666
2021-06-28,5.1552,27.63,66.14,2.43,2021,6,28,179,26,summer,4.8029,4.8382,6.9509,5.676828571428572,6.659136666666667
2021-06-29,4.7083,28.66,57.66,2.11,2021,6,29,180,26,summer,5.1552,4.8029,6.954,5.4203,6.606193333333334
2021-06-30,5.0546,29.72,50.18,2.74,2021,6,30,181,26,summer,4.7083,5.1552,5.1331,5.099485714285714,6.50505
2021-07-01,7.1395,27.16,59.22,2.69,2021,7,1,182,26,summer,5.0546,4.7083,6.414,5.088271428571429,6.448993333333333
2021-07-02,7.5936,28.44,49.85,1.65,2021,7,2,183,26,summer,7.1395,5.0546,4.6447,5.191914285714285,6.574633333333333
2021-07-03,7.4935,30.53,45.16,1.47,2021,7,3,184,26,summer,7.5936,7.1395,4.8382,5.613185714285714,6.6136333333333335
2021-07-04,7.6032,29.92,43.95,2.72,2021,7,4,185,26,summer,7.4935,7.5936,4.8029,5.992514285714285,6.648736666666667
2021-07-05,7.4354,27.2,62.49,4.18,2021,7,5,186,27,summer,7.6032,7.4935,5.1552,6.392557142857143,6.658600000000001
2021-07-06,7.5742,30.23,44.82,3.31,2021,7,6,187,27,summer,7.4354,7.6032,4.7083,6.7183,6.695000000000001
2021-07-07,7.5653,31.09,46.77,2.79,2021,7,7,188,27,summer,7.5742,7.4354,5.0546,7.127714285714286,6.72937
2021-07-08,7.0627,28.69,62.03,3.22,2021,7,8,189,27,summer,7.5653,7.5742,7.1395,7.486385714285714,6.730283333333333
2021-07-09,6.5707,27.64,63.44,3.25,2021,7,9,190,27,summer,7.0627,7.5653,7.5936,7.475414285714286,6.692849999999999
2021-07-10,7.566,26.98,56.71,3.27,2021,7,10,191,27,summer,6.5707,7.0627,7.4935,7.329285714285715,6.66016
2021-07-11,7.6318,27.82,51.29,3.07,2021,7,11,192,27,summer,7.566,6.5707,7.6032,7.339642857142857,6.6820466666666665
2021-07-12,7.2984,32.69,34.75,2.09,2021,7,12,193,28,summer,7.6318,7.566,7.4354,7.343728571428572,6.697726666666667
2021-07-13,6.157,29.08,52.45,4.05,2021,7,13,194,28,summer,7.2984,7.6318,7.5742,7.3241571428571435,6.692566666666666
2021-07-14,7.2094,25.33,50.04,4.49,2021,7,14,195,28,summer,6.157,7.2984,7.5653,7.1217,6.640943333333333
2021-07-15,7.4633,25.78,54.89,3.02,2021,7,15,196,28,summer,7.2094,6.157,7.0627,7.070857142857143,6.612399999999999
2021-07-16,7.0776,25.8,56.21,4.87,2021,7,16,197,28,summer,7.4633,7.2094,6.5707,7.1280857142857155,6.598783333333333
2021-07-17,6.6922,25.56,60.48,7.03,2021,7,17,198,28,summer,7.0776,7.4633,7.566,7.2005,6.5724566666666675
2021-07-18,7.117,26.03,60.15,6.69,2021,7,18,199,28,summer,6.6922,7.0776,7.6318,7.075671428571428,6.572113333333333
2021-07-19,7.117,26.27,66.09,4.88,2021,7,19,200,29,summer,7.117,6.6922,7.2984,7.002128571428571,6.599889999999999
2021-07-20,6.8827,26.98,66.2,2.96,2021,7,20,201,29,summer,7.117,7.117,6.157,6.976214285714286,6.592596666666667
2021-07-21,7.5506,27.5,58.17,2.27,2021,7,21,202,29,summer,6.8827,7.117,7.2094,7.079885714285715,6.630213333333334
2021-07-22,7.1275,28.67,49.77,1.43,2021,7,22,203,29,summer,7.5506,6.8827,7.4633,7.128628571428572,6.650203333333334
2021-07-23,7.7638,30.18,38.97,2.37,2021,7,23,204,29,summer,7.1275,7.5506,7.0776,7.0806571428571425,6.655986666666667
2021-07-24,7.4294,31.42,36.73,3.95,2021,7,24,205,29,summer,7.7638,7.1275,6.6922,7.178685714285714,6.743676666666667
2021-07-25,7.1177,33.17,35.23,5.26,2021,7,25,206,29,summer,7.4294,7.7638,7.117,7.284,6.777523333333334
2021-07-26,7.471,33.0,38.24,5.57,2021,7,26,207,30,summer,7.1177,7.4294,7.117,7.2841,6.859956666666667
2021-07-27,6.9161,31.31,41.25,4.03,2021,7,27,208,30,summer,7.471,7.1177,6.8827,7.334671428571428,6.9477166666666665
2021-07-28,7.4294,31.63,34.96,5.44,2021,7,28,209,30,summer,6.9161,7.471,7.5506,7.339442857142857,7.018156666666666
2021-07-29,7.1225,33.09,32.79,2.69,2021,7,29,210,30,summer,7.4294,6.9161,7.1275,7.322128571428572,7.093963333333334
2021-07-30,6.8479,31.61,47.79,2.08,2021,7,30,211,30,summer,7.1225,7.4294,7.7638,7.321414285714285,7.174436666666667
2021-07-31,6.4639,34.84,32.79,1.57,2021,7,31,212,30,summer,6.8479,7.1225,7.4294,7.190571428571429,7.234213333333334
2021-08-01,7.0238,31.4,47.6,3.19,2021,8,1,213,30,summer,6.4639,6.8479,7.1177,7.052642857142858,7.211693333333334
2021-08-02,6.9533,28.12,58.82,3.69,2021,8,2,214,31,summer,7.0238,6.4639,7.471,7.039228571428572,7.1927
2021-08-03,6.6545,30.9,54.04,3.56,2021,8,3,215,31,summer,6.9533,7.0238,6.9161,6.965271428571429,7.174693333333333
2021-08-04,6.8122,31.9,45.91,3.71,2021,8,4,216,31,summer,6.6545,6.9533,7.4294,6.9279,7.14307
2021-08-05,6.8554,28.75,51.28,3.49,2021,8,5,217,31,summer,6.8122,6.6545,7.1225,6.839728571428571,7.122296666666666
2021-08-06,7.3603,30.47,42.76,2.11,2021,8,6,218,31,summer,6.8554,6.8122,6.8479,6.801571428571429,7.0983366666666665
2021-08-07,7.1981,33.5,40.08,4.68,2021,8,7,219,31,summer,7.3603,6.8554,6.4639,6.874771428571428,7.091503333333333
2021-08-08,6.7241,31.72,54.36,2.36,2021,8,8,220,31,summer,7.1981,7.3603,7.0238,6.979657142857143,7.096016666666667
2021-08-09,6.679,35.51,44.11,3.76,2021,8,9,221,32,summer,6.7241,7.1981,6.9533,6.9368428571428575,7.1011299999999995
2021-08-10,6.6763,37.57,24.49,3.12,2021,8,10,222,32,summer,6.679,6.7241,6.6545,6.897657142857144,7.071563333333333
2021-08-11,6.3694,34.53,38.74,2.11,2021,8,11,223,32,summer,6.6763,6.679,6.8122,6.900771428571429,7.039713333333333
2021-08-12,6.3343,31.99,49.72,2.01,2021,8,12,224,32,summer,6.3694,6.6763,6.8554,6.837514285714286,7.008746666666667
2021-08-13,6.4925,33.13,45.42,2.17,2021,8,13,225,32,summer,6.3343,6.3694,7.3603,6.763071428571428,7.014656666666666
2021-08-14,6.7474,32.11,50.01,1.81,2021,8,14,226,32,summer,6.4925,6.3343,7.1981,6.6391,6.99076
2021-08-15,6.0624,31.7,48.46,1.75,2021,8,15,227,32,summer,6.7474,6.4925,6.7241,6.574714285714285,6.966896666666667
2021-08-16,6.6996,32.94,39.76,1.99,2021,8,16,228,33,summer,6.0624,6.7474,6.679,6.480185714285715,6.933056666666666
2021-08-17,6.2719,29.49,54.62,4.73,2021,8,17,229,33,summer,6.6996,6.0624,6.6763,6.483128571428571,6.933303333333333
2021-08-18,6.2448,27.57,55.38,5.51,2021,8,18,230,33,summer,6.2719,6.6996,6.3694,6.425357142857143,6.905133333333334
2021-08-19,6.2143,27.35,56.8,3.25,2021,8,19,231,33,summer,6.2448,6.2719,6.3343,6.407557142857143,6.87606
2021-08-20,6.1238,28.71,58.92,2.33,2021,8,20,232,33,summer,6.2143,6.2448,6.4925,6.390414285714286,6.8537799999999995
2021-08-21,6.223,28.21,59.59,2.09,2021,8,21,233,33,summer,6.1238,6.2143,6.7474,6.337742857142857,6.80622
2021-08-22,6.4178,27.7,63.38,2.04,2021,8,22,234,33,summer,6.223,6.1238,6.0624,6.262828571428572,6.77607
2021-08-23,6.7356,29.34,48.42,2.01,2021,8,23,235,34,summer,6.4178,6.223,6.6996,6.3136,6.731203333333332
2021-08-24,6.1327,30.21,45.44,2.04,2021,8,24,236,34,summer,6.7356,6.4178,6.2719,6.318742857142857,6.708076666666667
2021-08-25,5.4974,30.45,52.57,1.89,2021,8,25,237,34,summer,6.1327,6.7356,6.2448,6.298857142857143,6.6752433333333325
2021-08-26,5.495,28.62,60.02,3.46,2021,8,26,238,34,summer,5.4974,6.1327,6.2143,6.192085714285715,6.609456666666667
2021-08-27,6.4368,27.69,55.66,2.81,2021,8,27,239,34,summer,5.495,5.4974,6.1238,6.089328571428571,6.5620866666666675
2021-08-28,5.718,29.04,49.19,2.31,2021,8,28,240,34,summer,6.4368,5.495,6.223,6.134042857142857,6.529
2021-08-29,5.4113,26.23,63.5,3.86,2021,8,29,241,34,summer,5.718,6.4368,6.4178,6.0619,6.482183333333333
2021-08-30,5.9052,26.46,59.64,2.14,2021,8,30,242,35,summer,5.4113,5.718,6.7356,5.918114285714286,6.4342966666666666
2021-08-31,5.9515,28.16,62.78,2.14,2021,8,31,243,35,summer,5.9052,5.4113,6.1327,5.799485714285714,6.4156733333333325
2021-09-01,5.2428,29.57,60.96,3.32,2021,9,1,244,35,autumn,5.9515,5.9052,5.4974,5.7736,6.37993
2021-09-02,5.2973,29.14,65.93,4.32,2021,9,2,245,35,autumn,5.2428,5.9515,5.495,5.737228571428572,6.322913333333333
2021-09-03,4.5098,30.11,65.07,3.1,2021,9,3,246,35,autumn,5.2973,5.2428,6.4368,5.708985714285715,6.277673333333333
2021-09-04,5.1082,28.23,70.27,2.41,2021,9,4,247,35,autumn,4.5098,5.2973,5.718,5.4337,6.200926666666667
2021-09-05,5.5615,26.67,68.6,3.27,2021,9,5,248,35,autumn,5.1082,4.5098,5.4113,5.346585714285714,6.142686666666666
2021-09-06,5.7432,25.94,67.74,2.81,2021,9,6,249,36,autumn,5.5615,5.1082,5.9052,5.368042857142856,6.082726666666668
2021-09-07,5.4818,25.77,65.29,2.95,2021,9,7,250,36,autumn,5.7432,5.5615,5.9515,5.3449,6.034229999999999
2021-09-08,4.482,25.87,60.21,3.18,2021,9,8,251,36,autumn,5.4818,5.7432,5.2428,5.2778,5.99282
2021-09-09,4.9291,26.82,66.81,3.7,2021,9,9,252,36,autumn,4.482,5.4818,5.2973,5.1691142857142856,5.9195866666666666
2021-09-10,4.1844,26.87,70.35,2.47,2021,9,10,253,36,autumn,4.9291,4.482,4.5098,5.1165142857142865,5.861346666666667
2021-09-11,5.4516,26.19,69.3,5.61,2021,9,11,254,36,autumn,4.1844,4.9291,5.1082,5.070028571428572,5.7885133333333325
2021-09-12,5.274,25.37,65.48,3.03,2021,9,12,255,36,autumn,5.4516,4.1844,5.5615,5.119085714285714,5.7590900000000005
2021-09-13,5.6218,25.23,60.58,1.88,2021,9,13,256,37,autumn,5.274,5.4516,5.7432,5.0780142857142865,5.718473333333334
2021-09-14,5.346,26.45,60.35,2.98,2021,9,14,257,37,autumn,5.6218,5.274,5.4818,5.060671428571429,5.680953333333333
2021-09-15,4.8518,28.05,61.0,4.31,2021,9,15,258,37,autumn,5.346,5.6218,4.482,5.041271428571428,5.657073333333333
2021-09-16,5.1866,29.48,49.95,3.77,2021,9,16,259,37,autumn,4.8518,5.346,4.9291,5.094099999999999,5.595479999999999
2021-09-17,4.1155,30.18,42.33,2.03,2021,9,17,260,37,autumn,5.1866,4.8518,4.1844,5.130885714285715,5.559303333333333
2021-09-18,4.6613,29.27,57.25,1.52,2021,9,18,261,37,autumn,4.1155,5.1866,5.4516,5.121042857142858,5.488326666666667
2021-09-19,5.2037,26.78,67.38,3.1,2021,9,19,262,37,autumn,4.6613,4.1155,5.274,5.0081428571428575,5.43656
2021-09-20,3.0552,24.04,67.23,2.35,2021,9,20,263,38,autumn,5.2037,4.6613,5.6218,4.9981,5.405889999999999
2021-09-21,2.844,26.19,61.24,2.65,2021,9,21,264,38,autumn,3.0552,5.2037,5.346,4.631442857142858,5.300296666666667
2021-09-22,4.3174,26.32,70.21,2.18,2021,9,22,265,38,autumn,2.844,3.0552,4.8518,4.274014285714286,5.18117
2021-09-23,4.3202,26.61,70.6,3.35,2021,9,23,266,38,autumn,4.3174,2.844,5.1866,4.197671428571429,5.100563333333333
2021-09-24,4.3003,29.53,55.58,3.35,2021,9,24,267,38,autumn,4.3202,4.3174,4.1155,4.0739,5.040146666666667
2021-09-25,4.7707,28.75,52.5,3.81,2021,9,25,268,38,autumn,4.3003,4.3202,4.6613,4.1003,5.000243333333333
2021-09-26,4.0997,28.54,62.94,3.11,2021,9,26,269,38,autumn,4.7707,4.3003,5.2037,4.115928571428571,4.9761
2021-09-27,3.865,26.06,71.45,3.89,2021,9,27,270,39,autumn,4.0997,4.7707,3.0552,3.9582142857142855,4.898196666666666
2021-09-28,4.8994,24.53,65.4,3.65,2021,9,28,271,39,autumn,3.865,4.0997,2.844,4.0739,4.836430000000001
2021-09-29,5.2901,23.89,67.98,4.18,2021,9,29,272,39,autumn,4.8994,3.865,4.3174,4.367528571428571,4.819366666666666
2021-09-30,4.9102,24.06,63.01,4.6,2021,9,30,273,39,autumn,5.2901,4.8994,4.3202,4.506485714285715,4.798863333333333
2021-10-01,4.5828,23.17,57.86,2.73,2021,10,1,274,39,autumn,4.9102,5.2901,4.3003,4.590771428571428,4.764153333333334
2021-10-02,4.5468,23.63,57.88,1.53,2021,10,2,275,39,autumn,4.5828,4.9102,4.7707,4.6311285714285715,4.742153333333333
2021-10-03,4.7093,25.81,60.56,4.46,2021,10,3,276,39,autumn,4.5468,4.5828,4.0997,4.599142857142858,4.717136666666667
2021-10-04,4.4513,26.84,61.04,3.99,2021,10,4,277,40,autumn,4.7093,4.5468,3.865,4.686228571428572,4.723786666666666
2021-10-05,2.6086,23.72,73.05,2.36,2021,10,5,278,40,autumn,4.4513,4.7093,4.8994,4.769985714285714,4.701890000000001
2021-10-06,3.7889,23.05,64.19,4.22,2021,10,6,279,40,autumn,2.6086,4.4513,5.2901,4.442728571428571,4.60346
2021-10-07,4.0822,21.19,57.04,7.78,2021,10,7,280,40,autumn,3.7889,2.6086,4.9102,4.2282714285714285,4.538316666666668
2021-10-08,3.5947,21.16,60.14,4.83,2021,10,8,281,40,autumn,4.0822,3.7889,4.5828,4.109985714285714,4.491663333333333
2021-10-09,3.4118,20.4,68.89,2.54,2021,10,9,282,40,autumn,3.5947,4.0822,4.5468,3.9688285714285714,4.462086666666666
2021-10-10,3.241,19.13,70.17,3.09,2021,10,10,283,40,autumn,3.4118,3.5947,4.7093,3.806685714285714,4.411509999999999
2021-10-11,3.4411,19.52,62.51,3.5,2021,10,11,284,41,autumn,3.241,3.4118,4.4513,3.5969285714285713,4.380063333333334
2021-10-12,4.3032,19.68,64.36,2.94,2021,10,12,285,41,autumn,3.4411,3.241,2.6086,3.452614285714286,4.313046666666667
2021-10-13,3.6722,19.22,69.16,5.0,2021,10,13,286,41,autumn,4.3032,3.4411,3.7889,3.6947000000000005,4.280686666666667
2021-10-14,4.0642,17.61,67.51,4.83,2021,10,14,287,41,autumn,3.6722,4.3032,4.0822,3.678028571428572,4.2157
2021-10-15,4.3622,16.97,61.52,5.06,2021,10,15,288,41,autumn,4.0642,3.6722,3.5947,3.675457142857143,4.172973333333333
2021-10-16,4.159,18.34,69.63,2.19,2021,10,16,289,41,autumn,4.3622,4.0642,3.4118,3.7851,4.156653333333334
2021-10-17,4.2722,18.68,77.3,2.13,2021,10,17,290,41,autumn,4.159,4.3622,3.241,3.891842857142857,4.1224
2021-10-18,3.5926,18.15,76.31,1.74,2021,10,18,291,42,autumn,4.2722,4.159,3.4411,4.039157142857143,4.127623333333333
2021-10-19,3.4656,19.26,70.95,2.22,2021,10,19,292,42,autumn,3.5926,4.2722,4.3032,4.0607999999999995,4.0920000000000005
2021-10-20,3.8035,19.35,73.96,3.27,2021,10,20,293,42,autumn,3.4656,3.5926,3.6722,3.9411428571428573,4.034063333333333
2021-10-21,4.061,20.77,66.75,3.9,2021,10,21,294,42,autumn,3.8035,3.4656,4.0642,3.9598999999999998,4.059006666666667
2021-10-22,3.0374,21.73,63.9,2.75,2021,10,22,295,42,autumn,4.061,3.8035,4.3622,3.959442857142857,4.099573333333334
2021-10-23,2.7806,21.41,78.42,1.89,2021,10,23,296,42,autumn,3.0374,4.061,4.159,3.7701857142857143,4.056906666666666
2021-10-24,1.9476,20.42,87.18,3.93,2021,10,24,297,42,autumn,2.7806,3.0374,4.2722,3.5732714285714287,4.005586666666667
2021-10-25,2.5193,20.03,88.05,3.55,2021,10,25,298,43,autumn,1.9476,2.7806,3.5926,3.241185714285714,3.927163333333333
2021-10-26,2.8606,19.33,83.14,4.22,2021,10,26,299,43,autumn,2.5193,1.9476,3.4656,3.087857142857143,3.8521166666666664
2021-10-27,1.5907,18.55,81.05,2.43,2021,10,27,300,43,autumn,2.8606,2.5193,3.8035,3.0014285714285713,3.8108133333333334
2021-10-28,2.598,17.51,81.36,1.67,2021,10,28,301,43,autumn,1.5907,2.8606,4.061,2.6853142857142855,3.7350033333333332
2021-10-29,3.6257,17.78,79.21,2.12,2021,10,29,302,43,autumn,2.598,1.5907,3.0374,2.4763142857142855,3.65829
2021-10-30,2.5464,18.72,74.88,1.45,2021,10,30,303,43,autumn,3.6257,2.598,2.7806,2.5603571428571428,3.60281
2021-10-31,2.2973,20.06,74.22,2.92,2021,10,31,304,43,autumn,2.5464,3.6257,1.9476,2.5269000000000004,3.524016666666667
2021-11-01,2.6239,21.97,79.48,4.93,2021,11,1,305,44,autumn,2.2973,2.5464,2.5193,2.576857142857143,3.4478333333333335
2021-11-02,2.8646,21.26,78.36,2.6,2021,11,2,306,44,autumn,2.6239,2.2973,2.8606,2.5917999999999997,3.3837366666666666
2021-11-03,3.3655,21.78,66.04,4.15,2021,11,3,307,44,autumn,2.8646,2.6239,1.5907,2.5923714285714285,3.322246666666666
2021-11-04,2.8241,18.21,72.85,2.53,2021,11,4,308,44,autumn,3.3655,2.8646,2.598,2.845914285714286,3.2860533333333337
2021-11-05,1.921,17.75,74.52,1.55,2021,11,5,309,44,autumn,2.8241,3.3655,3.6257,2.8782142857142854,3.293236666666666
2021-11-06,1.5084,18.71,77.42,1.87,2021,11,6,310,44,autumn,1.921,2.8241,2.5464,2.6346857142857147,3.230973333333333
2021-11-07,3.749,16.53,66.63,3.13,2021,11,7,311,44,autumn,1.5084,1.921,2.2973,2.4864,3.1451799999999994
2021-11-08,3.366,15.56,71.91,2.66,2021,11,8,312,45,autumn,3.749,1.5084,2.6239,2.6937857142857142,3.1503233333333336
2021-11-09,1.4606,15.37,73.48,3.05,2021,11,9,313,45,autumn,3.366,3.749,2.8646,2.7998000000000003,3.148796666666667
2021-11-10,3.523,16.22,66.16,2.94,2021,11,10,314,45,autumn,1.4606,3.366,3.3655,2.5992285714285717,3.08945
2021-11-11,3.3535,15.64,68.57,2.26,2021,11,11,315,45,autumn,3.523,1.4606,2.8241,2.6217285714285716,3.09218
2021-11-12,3.5369,16.51,61.03,2.33,2021,11,12,316,45,autumn,3.3535,3.523,1.921,2.697357142857143,3.0605233333333333
2021-11-13,3.4284,16.13,55.66,1.96,2021,11,13,317,45,autumn,3.5369,3.3535,1.5084,2.9282,3.056013333333333
2021-11-14,3.355,16.28,74.85,3.3,2021,11,14,318,45,autumn,3.4284,3.5369,3.749,3.2024857142857144,3.0348199999999994
2021-11-15,2.9918,16.76,73.44,2.4,2021,11,15,319,46,autumn,3.355,3.4284,3.366,3.1462,3.001246666666667
2021-11-16,2.3482,16.14,72.53,1.86,2021,11,16,320,46,autumn,2.9918,3.355,1.4606,3.092742857142857,2.9623399999999998
2021-11-17,2.9789,14.99,79.95,2.68,2021,11,17,321,46,autumn,2.3482,2.9918,3.523,3.2195428571428573,2.898206666666667
2021-11-18,2.9453,15.87,81.22,2.22,2021,11,18,322,46,autumn,2.9789,2.3482,3.3535,3.1418142857142857,2.87775
2021-11-19,2.7835,15.77,84.58,2.14,2021,11,19,323,46,autumn,2.9453,2.9789,3.5369,3.0835000000000004,2.860406666666667
2021-11-20,3.079,15.56,83.39,1.6,2021,11,20,324,46,autumn,2.7835,2.9453,3.4284,2.975871428571429,2.8264066666666667
2021-11-21,2.1305,15.27,76.66,2.27,2021,11,21,325,46,autumn,3.079,2.7835,3.355,2.9259571428571434,2.793673333333333
2021-11-22,2.875,15.36,78.19,3.64,2021,11,22,326,47,autumn,2.1305,3.079,2.9918,2.7510285714285714,2.7634433333333335
2021-11-23,3.119,15.47,77.25,2.71,2021,11,23,327,47,autumn,2.875,2.1305,2.3482,2.734342857142857,2.76659
2021-11-24,2.9729,15.73,69.55,2.51,2021,11,24,328,47,autumn,3.119,2.875,2.9789,2.844457142857143,2.8056366666666666
2021-11-25,1.8019,13.74,76.4,2.05,2021,11,25,329,47,autumn,2.9729,3.119,2.9453,2.8436,2.820756666666667
2021-11-26,2.8678,13.62,74.18,3.92,2021,11,26,330,47,autumn,1.8019,2.9729,2.7835,2.680257142857143,2.7854666666666663
2021-11-27,3.013,13.65,68.9,4.54,2021,11,27,331,47,autumn,2.8678,1.8019,3.079,2.6923,2.8280366666666668
2021-11-28,2.1062,12.03,72.38,5.5,2021,11,28,332,47,autumn,3.013,2.8678,2.1305,2.6828714285714286,2.84187
2021-11-29,1.5269,10.59,70.52,8.63,2021,11,29,333,48,autumn,2.1062,3.013,2.875,2.6794,2.7912200000000005
2021-11-30,2.1922,12.25,67.19,4.74,2021,11,30,334,48,autumn,1.5269,2.1062,3.119,2.4868142857142854,2.7572366666666666
2021-12-01,2.5356,11.75,75.42,2.72,2021,12,1,335,48,winter,2.1922,1.5269,2.9729,2.354414285714286,2.7537333333333334
2021-12-02,3.042,12.23,71.96,3.74,2021,12,2,336,48,winter,2.5356,2.1922,1.8019,2.291942857142857,2.7507900000000003
2021-12-03,1.1568,11.67,75.29,6.35,2021,12,3,337,48,winter,3.042,2.5356,2.8678,2.4691,2.7567033333333337
2021-12-04,1.9733,12.57,75.35,5.22,2021,12,4,338,48,winter,1.1568,3.042,3.013,2.224671428571429,2.6830799999999995
2021-12-05,2.6335,12.16,79.1,4.98,2021,12,5,339,48,winter,1.9733,1.1568,2.1062,2.076142857142857,2.65472
2021-12-06,1.5511,11.31,70.44,8.69,2021,12,6,340,49,winter,2.6335,1.9733,1.5269,2.1514714285714285,2.67847
2021-12-07,2.459,13.59,74.73,6.76,2021,12,7,341,49,winter,1.5511,2.6335,2.1922,2.1549285714285715,2.6798933333333337
2021-12-08,2.8553,13.33,76.46,3.46,2021,12,8,342,49,winter,2.459,1.5511,2.5356,2.1930428571428573,2.636893333333333
2021-12-09,1.8518,11.85,75.24,5.64,2021,12,9,343,49,winter,2.8553,2.459,3.042,2.2387142857142854,2.6198699999999997
2021-12-10,1.1933,13.18,80.04,6.61,2021,12,10,344,49,winter,1.8518,2.8553,1.1568,2.0686857142857145,2.6329100000000003
2021-12-11,2.3873,12.39,67.19,8.93,2021,12,11,345,49,winter,1.1933,1.8518,1.9733,2.0739,2.5552533333333334
2021-12-12,2.6647,12.04,70.46,4.55,2021,12,12,346,49,winter,2.3873,1.1933,2.6335,2.1330428571428572,2.5230466666666667
2021-12-13,2.6664,11.71,71.11,3.37,2021,12,13,347,50,winter,2.6647,2.3873,1.5511,2.1375,2.4939733333333334
2021-12-14,2.802,10.99,87.82,2.66,2021,12,14,348,50,winter,2.6664,2.6647,2.459,2.296828571428571,2.4685733333333335
2021-12-15,2.4775,11.57,88.04,1.69,2021,12,15,349,50,winter,2.802,2.6664,2.8553,2.3458285714285716,2.4501399999999998
2021-12-16,2.2171,11.81,86.99,1.99,2021,12,16,350,50,winter,2.4775,2.802,1.8518,2.291857142857143,2.432996666666667
2021-12-17,2.5442,11.0,79.43,1.15,2021,12,17,351,50,winter,2.2171,2.4775,1.1933,2.344042857142857,2.4286266666666667
2021-12-18,2.4022,11.18,82.91,1.85,2021,12,18,352,50,winter,2.5442,2.2171,2.3873,2.5370285714285714,2.4141366666666664
2021-12-19,2.6112,11.87,67.82,1.07,2021,12,19,353,50,winter,2.4022,2.5442,2.6647,2.539157142857143,2.3960333333333335
2021-12-20,2.8658,9.63,79.75,2.37,2021,12,20,354,51,winter,2.6112,2.4022,2.6664,2.531514285714286,2.39029
2021-12-21,2.0129,12.39,80.73,1.84,2021,12,21,355,51,winter,2.8658,2.6112,2.802,2.56,2.3831833333333337
2021-12-22,2.6628,12.0,74.24,1.29,2021,12,22,356,51,winter,2.0129,2.8658,2.4775,2.4472714285714288,2.3792633333333337
2021-12-23,2.1986,12.47,85.01,1.59,2021,12,23,357,51,winter,2.6628,2.0129,2.2171,2.4737428571428572,2.3721900000000002
2021-12-24,2.6429,12.8,76.31,3.49,2021,12,24,358,51,winter,2.1986,2.6628,2.5442,2.4711,2.34151
2021-12-25,1.8286,12.9,79.55,2.6,2021,12,25,359,51,winter,2.6429,2.1986,2.4022,2.4852,2.33051
2021-12-26,1.8468,13.54,81.08,2.24,2021,12,26,360,51,winter,1.8286,2.6429,2.6112,2.403257142857143,2.3314000000000004
2021-12-27,1.891,14.51,87.83,4.26,2021,12,27,361,52,winter,1.8468,1.8286,2.8658,2.2940571428571426,2.297366666666667
2021-12-28,2.3894,15.38,87.79,5.51,2021,12,28,362,52,winter,1.891,1.8468,2.0129,2.1548,2.2599666666666662
2021-12-29,2.401,15.96,80.87,7.26,2021,12,29,363,52,winter,2.3894,1.891,2.6628,2.208585714285714,2.269406666666667
2021-12-30,2.0472,15.43,85.17,6.25,2021,12,30,364,52,winter,2.401,2.3894,2.1986,2.171185714285714,2.2985433333333334
2021-12-31,2.3758,13.66,91.69,2.46,2021,12,31,365,52,winter,2.0472,2.401,2.6429,2.149557142857143,2.29371
2022-01-01,2.6736,12.25,90.66,2.91,2022,1,1,1,52,winter,2.3758,2.0472,1.8286,2.1114,2.2883833333333334
2022-01-02,1.7587,11.51,91.21,2.14,2022,1,2,2,52,winter,2.6736,2.3758,1.8468,2.2321142857142857,2.276103333333333
2022-01-03,2.8006,11.44,89.34,2.75,2022,1,3,3,1,winter,1.7587,2.6736,1.891,2.2195285714285715,2.2961666666666667
2022-01-04,2.8685,12.28,69.63,1.91,2022,1,4,4,1,winter,2.8006,1.7587,2.3894,2.349471428571429,2.3237433333333333
2022-01-05,2.922,11.91,65.94,4.92,2022,1,5,5,1,winter,2.8685,2.8006,2.401,2.4179142857142857,2.3315766666666664
2022-01-06,1.985,10.42,79.61,3.71,2022,1,6,6,1,winter,2.922,2.8685,2.0472,2.4923428571428574,2.377273333333333
2022-01-07,2.7185,10.11,84.04,4.68,2022,1,7,7,1,winter,1.985,2.922,2.3758,2.483457142857143,2.3614733333333335
2022-01-08,2.2673,11.99,72.52,8.03,2022,1,8,8,1,winter,2.7185,1.985,2.6736,2.5324142857142857,2.3569133333333334
2022-01-09,1.709,12.69,72.94,6.36,2022,1,9,9,1,winter,2.2673,2.7185,1.7587,2.474371428571428,2.3707633333333336
2022-01-10,0.9372,12.08,71.56,7.63,2022,1,10,10,2,winter,1.709,2.2673,2.8006,2.467271428571429,2.3879533333333334
2022-01-11,1.4035,11.21,70.43,6.17,2022,1,11,11,2,winter,0.9372,1.709,2.8685,2.201071428571429,2.3396166666666667
2022-01-12,2.8176,10.48,71.35,4.98,2022,1,12,12,2,winter,1.4035,0.9372,2.922,1.9917857142857145,2.297576666666666
2022-01-13,1.5283,9.44,85.32,2.6,2022,1,13,13,2,winter,2.8176,1.4035,1.985,1.9768714285714286,2.3026166666666663
2022-01-14,2.0772,9.48,75.56,2.51,2022,1,14,14,2,winter,1.5283,2.8176,2.7185,1.9116285714285717,2.26016
2022-01-15,2.9794,10.52,79.55,3.55,2022,1,15,15,2,winter,2.0772,1.5283,2.2673,1.8200142857142858,2.2468166666666667
2022-01-16,2.3167,11.2,77.4,3.79,2022,1,16,16,2,winter,2.9794,2.0772,1.709,1.921742857142857,2.2722266666666666
2022-01-17,2.9011,11.96,74.63,4.43,2022,1,17,17,3,winter,2.3167,2.9794,0.9372,2.0085571428571427,2.2646433333333333
2022-01-18,2.8126,10.9,78.48,2.92,2022,1,18,18,3,winter,2.9011,2.3167,1.4035,2.289114285714285,2.281273333333333
2022-01-19,3.1082,11.05,70.31,0.98,2022,1,19,19,3,winter,2.8126,2.9011,2.8176,2.490414285714286,2.287986666666667
2022-01-20,3.1906,8.8,77.48,2.12,2022,1,20,20,3,winter,3.1082,2.8126,1.5283,2.5319285714285718,2.2960666666666665
2022-01-21,2.8728,9.42,84.35,3.16,2022,1,21,21,3,winter,3.1906,3.1082,2.0772,2.7694000000000005,2.335323333333333
2022-01-22,2.3724,10.4,81.85,2.78,2022,1,22,22,3,winter,2.8728,3.1906,2.9794,2.883057142857143,2.3423233333333333
2022-01-23,3.3734,10.29,68.51,1.28,2022,1,23,23,3,winter,2.3724,2.8728,2.3167,2.796342857142857,2.348116666666667
2022-01-24,3.5364,9.26,70.92,1.43,2022,1,24,24,4,winter,3.3734,2.3724,2.9011,2.9473,2.372466666666667
2022-01-25,2.0074,10.21,76.15,1.32,2022,1,25,25,4,winter,3.5364,3.3734,2.8126,3.038057142857143,2.429393333333333
2022-01-26,3.4925,8.86,75.35,1.38,2022,1,26,26,4,winter,2.0074,3.5364,3.1082,2.9230285714285715,2.434746666666667
2022-01-27,3.5405,8.73,69.53,1.57,2022,1,27,27,4,winter,3.4925,2.0074,3.1906,2.9779285714285715,2.48813
2022-01-28,3.654,9.62,77.22,3.05,2022,1,28,28,4,winter,3.5405,3.4925,2.8728,3.0279142857142856,2.5265
2022-01-29,3.049,11.21,74.35,3.54,2022,1,29,29,4,winter,3.654,3.5405,2.3724,3.1395142857142857,2.5682666666666667
2022-01-30,3.4735,10.4,85.42,3.79,2022,1,30,30,4,winter,3.049,3.654,3.3734,3.2361714285714287,2.60166
2022-01-31,3.8455,11.7,79.45,5.52,2022,1,31,31,5,winter,3.4735,3.049,3.5364,3.250471428571429,2.6382499999999998
2022-02-01,2.9354,12.44,64.84,8.33,2022,2,1,32,5,winter,3.8455,3.4735,2.0074,3.2946285714285715,2.677313333333333
2022-02-02,2.0736,11.92,80.09,6.97,2022,2,2,33,5,winter,2.9354,3.8455,3.4925,3.4272,2.716536666666667
2022-02-03,3.7423,13.23,76.5,2.85,2022,2,3,34,5,winter,2.0736,2.9354,3.5405,3.2245,2.6923033333333333
2022-02-04,3.9089,12.26,69.61,3.37,2022,2,4,35,5,winter,3.7423,2.0736,3.654,3.2533285714285713,2.72143
2022-02-05,3.726,12.84,81.78,3.85,2022,2,5,36,5,winter,3.9089,3.7423,3.049,3.289742857142857,2.7543266666666666
2022-02-06,3.3972,11.8,82.79,3.19,2022,2,6,37,5,winter,3.726,3.9089,3.4735,3.3864571428571426,2.81236
2022-02-07,3.8107,12.33,76.22,6.33,2022,2,7,38,6,winter,3.3972,3.726,3.8455,3.3755571428571427,2.834983333333333
2022-02-08,3.9792,12.24,61.33,3.25,2022,2,8,39,6,winter,3.8107,3.3972,2.9354,3.3705857142857143,2.8864300000000003
2022-02-09,4.2278,10.8,57.5,1.68,2022,2,9,40,6,winter,3.9792,3.8107,2.0736,3.5197,2.9621033333333333
2022-02-10,4.3344,9.94,62.47,2.21,2022,2,10,41,6,winter,4.2278,3.9792,3.7423,3.827442857142857,3.07179
2022-02-11,4.1611,10.87,72.25,1.69,2022,2,11,42,6,winter,4.3344,4.2278,3.9089,3.9120285714285714,3.169486666666667
2022-02-12,3.0497,10.75,86.85,2.68,2022,2,12,43,6,winter,4.1611,4.3344,3.726,3.948057142857143,3.21427
2022-02-13,3.9487,11.48,76.75,1.51,2022,2,13,44,6,winter,3.0497,4.1611,3.3972,3.8514428571428576,3.2649833333333333
2022-02-14,3.3442,12.24,69.8,3.43,2022,2,14,45,7,winter,3.9487,3.0497,3.8107,3.9302285714285716,3.327366666666667
2022-02-15,2.5166,11.9,74.64,4.06,2022,2,15,46,7,winter,3.3442,3.9487,3.9792,3.8635857142857146,3.3395266666666665
2022-02-16,2.9779,12.09,73.38,5.68,2022,2,16,47,7,winter,2.5166,3.3442,4.2278,3.6546428571428575,3.34619
2022-02-17,2.0844,13.98,81.56,6.33,2022,2,17,48,7,winter,2.9779,2.5166,4.3344,3.476085714285714,3.3487500000000003
2022-02-18,4.2509,14.56,81.03,3.87,2022,2,18,49,7,winter,2.0844,2.9779,4.1611,3.154657142857143,3.324476666666667
2022-02-19,3.138,13.94,75.96,2.51,2022,2,19,50,7,winter,4.2509,2.0844,3.0497,3.1674857142857142,3.362566666666667
2022-02-20,3.936,13.38,76.82,5.41,2022,2,20,51,7,winter,3.138,4.2509,3.9487,3.1801,3.360813333333333
2022-02-21,4.6111,13.12,72.51,5.86,2022,2,21,52,8,winter,3.936,3.138,3.3442,3.178285714285714,3.3962533333333336
2022-02-22,4.315,12.82,70.23,7.85,2022,2,22,53,8,winter,4.6111,3.936,2.5166,3.3592714285714282,3.470876666666667
2022-02-23,4.7467,12.46,74.8,3.87,2022,2,23,54,8,winter,4.315,4.6111,2.9779,3.616185714285714,3.5022633333333335
2022-02-24,4.7599,11.86,75.18,2.28,2022,2,24,55,8,winter,4.7467,4.315,2.0844,3.8688714285714285,3.5426066666666665
2022-02-25,4.4011,11.78,81.39,2.76,2022,2,25,56,8,winter,4.7599,4.7467,4.2509,4.251085714285715,3.6343566666666667
2022-02-26,3.2592,12.17,75.23,4.17,2022,2,26,57,8,winter,4.4011,4.7599,3.138,4.272542857142858,3.6646433333333333
2022-02-27,4.3601,10.45,58.91,3.05,2022,2,27,58,8,winter,3.2592,4.4011,3.936,4.2898571428571435,3.655266666666667
2022-02-28,2.3302,9.55,66.73,1.69,2022,2,28,59,9,winter,4.3601,3.2592,4.6111,4.350442857142857,3.678803333333333
2022-03-01,3.8088,10.2,70.22,3.64,2022,3,1,60,9,spring,2.3302,4.3601,4.315,4.0245999999999995,3.6548433333333334
2022-03-02,4.0824,10.95,68.03,1.51,2022,3,2,61,9,spring,3.8088,2.3302,4.7467,3.9522857142857144,3.6660200000000005
2022-03-03,3.8002,10.86,76.61,2.31,2022,3,3,62,9,spring,4.0824,3.8088,4.7599,3.8573857142857144,3.6739166666666665
2022-03-04,3.9221,11.57,77.19,1.48,2022,3,4,63,9,spring,3.8002,4.0824,4.4011,3.720285714285714,3.7027433333333333
2022-03-05,2.3146,11.15,80.49,2.82,2022,3,5,64,9,spring,3.9221,3.8002,3.2592,3.651857142857143,3.7643600000000004
2022-03-06,3.9857,11.33,71.97,1.44,2022,3,6,65,9,spring,2.3146,3.9221,4.3601,3.516914285714286,3.71677
2022-03-07,3.1183,10.41,78.89,1.83,2022,3,7,66,10,spring,3.9857,2.3146,2.3302,3.4634285714285715,3.71933
2022-03-08,4.7928,10.58,67.95,2.63,2022,3,8,67,10,spring,3.1183,3.9857,3.8088,3.576014285714286,3.699073333333333
2022-03-09,3.7428,9.92,70.79,2.87,2022,3,9,68,10,spring,4.7928,3.1183,4.0824,3.7165857142857144,3.7455933333333333
2022-03-10,5.4684,10.64,68.57,1.73,2022,3,10,69,10,spring,3.7428,4.7928,3.8002,3.668071428571429,3.74333
2022-03-11,4.98,12.98,75.37,3.25,2022,3,11,70,10,spring,5.4684,3.7428,3.9221,3.9063857142857144,3.79297
2022-03-12,2.1881,12.6,83.64,3.82,2022,3,12,71,10,spring,4.98,5.4684,2.3146,4.057514285714285,3.8180433333333337
2022-03-13,5.2058,14.16,76.77,3.26,2022,3,13,72,10,spring,2.1881,4.98,3.9857,4.039442857142857,3.7464999999999997
2022-03-14,3.9494,14.82,79.13,5.49,2022,3,14,73,11,spring,5.2058,2.1881,3.1183,4.213742857142857,3.7813233333333334
2022-03-15,3.8522,14.87,75.87,6.66,2022,3,15,74,11,spring,3.9494,5.2058,4.7928,4.332471428571429,3.8113133333333336
2022-03-16,3.7253,14.63,75.87,5.89,2022,3,16,75,11,spring,3.8522,3.9494,3.7428,4.1981,3.8080966666666667
2022-03-17,3.3108,14.56,78.01,6.26,2022,3,17,76,11,spring,3.7253,3.8522,5.4684,4.1956,3.8207999999999998
2022-03-18,1.6987,14.35,83.76,4.76,2022,3,18,77,11,spring,3.3108,3.7253,4.98,3.8873714285714285,3.8472733333333333
2022-03-19,1.2307,13.57,90.08,5.67,2022,3,19,78,11,spring,1.6987,3.3108,2.1881,3.4186142857142854,3.8046333333333333
2022-03-20,1.7426,12.11,78.01,5.32,2022,3,20,79,11,spring,1.2307,1.6987,5.2058,3.2818428571428577,3.7761766666666663
2022-03-21,3.0173,10.91,81.12,2.8,2022,3,21,80,12,spring,1.7426,1.2307,3.9494,2.7870999999999997,3.6925666666666666
2022-03-22,2.6093,10.11,79.4,3.44,2022,3,22,81,12,spring,3.0173,1.7426,3.8522,2.6539428571428574,3.6885433333333335
2022-03-23,4.271,10.89,73.03,3.35,2022,3,23,82,12,spring,2.6093,3.0173,3.7253,2.4763857142857146,3.64432
2022-03-24,5.9076,12.09,68.17,4.77,2022,3,24,83,12,spring,4.271,2.6093,3.3108,2.5543428571428572,3.6329833333333337
2022-03-25,3.8587,12.88,75.05,5.44,2022,3,25,84,12,spring,5.9076,4.271,1.6987,2.9253142857142858,3.68607
2022-03-26,4.1153,14.53,79.16,6.18,2022,3,26,85,12,spring,3.8587,5.9076,1.2307,3.2338857142857145,3.65647
2022-03-27,3.3643,14.23,86.76,2.43,2022,3,27,86,12,spring,4.1153,3.8587,1.7426,3.6459714285714284,3.634983333333333
2022-03-28,4.5521,14.4,83.91,2.13,2022,3,28,87,13,spring,3.3643,4.1153,3.0173,3.877642857142857,3.600423333333333
2022-03-29,4.8386,16.54,74.95,3.0,2022,3,29,88,13,spring,4.5521,3.3643,2.6093,4.0969,3.64352
2022-03-30,2.3011,17.78,78.67,2.87,2022,3,30,89,13,spring,4.8386,4.5521,4.271,4.4153714285714285,3.6594700000000002
2022-03-31,4.4378,15.11,81.96,3.71,2022,3,31,90,13,spring,2.3011,4.8386,5.9076,4.1339571428571436,3.6584999999999996
2022-04-01,5.5637,13.7,72.45,5.78,2022,4,1,91,13,spring,4.4378,2.3011,3.8587,3.923985714285714,3.679466666666667
2022-04-02,5.713,11.21,65.06,5.73,2022,4,2,92,13,spring,5.5637,4.4378,4.1153,4.167557142857143,3.7288433333333333
2022-04-03,3.9634,11.01,61.86,2.09,2022,4,3,93,13,spring,5.713,5.5637,3.3643,4.3958,3.792603333333333
2022-04-04,3.1042,13.42,72.59,3.4,2022,4,4,94,14,spring,3.9634,5.713,4.5521,4.4813857142857145,3.79398
2022-04-05,3.3192,14.44,78.1,3.26,2022,4,5,95,14,spring,3.1042,3.9634,4.8386,4.274542857142857,3.8203
2022-04-06,3.329,15.61,77.16,5.82,2022,4,6,96,14,spring,3.3192,3.1042,2.3011,4.057485714285714,3.7980833333333335
2022-04-07,5.8094,14.99,71.61,6.3,2022,4,7,97,14,spring,3.329,3.3192,4.4378,4.204328571428571,3.8051066666666666
2022-04-08,6.7702,16.36,62.79,2.91,2022,4,8,98,14,spring,5.8094,3.329,5.5637,4.400271428571428,3.8389933333333337
2022-04-09,5.9899,16.14,64.75,4.31,2022,4,9,99,14,spring,6.7702,5.8094,5.713,4.572628571428572,3.9399066666666664
2022-04-10,6.9324,13.78,63.21,4.01,2022,4,10,100,14,spring,5.9899,6.7702,3.9634,4.612185714285714,3.95729
2022-04-11,6.7075,14.7,65.9,4.86,2022,4,11,101,15,spring,6.9324,5.9899,3.1042,5.036328571428571,4.02237
2022-04-12,5.9258,16.15,69.5,6.55,2022,4,12,102,15,spring,6.7075,6.9324,3.3192,5.551085714285714,4.173016666666666
2022-04-13,4.381,15.71,73.78,5.97,2022,4,13,103,15,spring,5.9258,6.7075,3.329,5.923457142857143,4.197016666666666
2022-04-14,3.073,15.72,82.61,5.81,2022,4,14,104,15,spring,4.381,5.9258,5.8094,6.073742857142856,4.211403333333333
2022-04-15,2.0489,15.16,84.4,3.02,2022,4,15,105,15,spring,3.073,4.381,6.7702,5.682828571428572,4.18543
2022-04-16,4.0464,14.96,81.34,4.27,2022,4,16,106,15,spring,2.0489,3.073,5.9899,5.008357142857142,4.12955
2022-04-17,5.0134,15.23,77.81,4.66,2022,4,17,107,15,spring,4.0464,2.0489,6.9324,4.730714285714285,4.15407
2022-04-18,6.0226,14.26,59.71,3.87,2022,4,18,108,16,spring,5.0134,4.0464,6.7075,4.456571428571428,4.26456
2022-04-19,6.9564,17.25,56.95,2.03,2022,4,19,109,16,spring,6.0226,5.0134,5.9258,4.358728571428571,4.42429
2022-04-20,3.4123,18.93,59.19,3.29,2022,4,20,110,16,spring,6.9564,6.0226,4.381,4.5059571428571425,4.598083333333333
2022-04-21,3.4716,15.59,79.44,3.88,2022,4,21,111,16,spring,3.4123,6.9564,3.073,4.367571428571429,4.611249999999999
2022-04-22,5.8848,15.32,73.13,4.98,2022,4,22,112,16,spring,3.4716,3.4123,2.0489,4.424514285714286,4.639993333333334
2022-04-23,6.9348,19.34,61.33,4.14,2022,4,23,113,16,spring,5.8848,3.4716,4.0464,4.972499999999999,4.693786666666667
2022-04-24,6.4298,17.56,67.25,2.27,2022,4,24,114,16,spring,6.9348,5.8848,5.0134,5.385128571428572,4.728026666666667
2022-04-25,6.6098,17.63,62.93,1.54,2022,4,25,115,17,spring,6.4298,6.9348,6.0226,5.587471428571429,4.8137300000000005
2022-04-26,6.8062,18.28,55.64,2.46,2022,4,26,116,17,spring,6.6098,6.4298,6.9564,5.6713571428571425,4.8968799999999995
2022-04-27,5.5534,18.34,56.97,2.24,2022,4,27,117,17,spring,6.8062,6.6098,3.4123,5.6499,5.01161
2022-04-28,1.6416,16.5,75.05,1.77,2022,4,28,118,17,spring,5.5534,6.8062,3.4716,5.955771428571429,5.044986666666667
2022-04-29,4.3296,16.36,78.17,2.49,2022,4,29,119,17,spring,1.6416,5.5534,5.8848,5.694342857142857,4.93842
2022-04-30,3.9343,15.97,70.88,2.03,2022,4,30,120,17,spring,4.3296,1.6416,6.9348,5.4721714285714285,5.006036666666668
2022-05-01,7.0399,16.77,71.8,3.42,2022,5,1,121,17,spring,3.9343,4.3296,6.4298,5.043528571428571,4.989253333333333
2022-05-02,6.7433,17.58,69.88,3.22,2022,5,2,122,18,spring,7.0399,3.9343,6.6098,5.130685714285714,5.038460000000001
2022-05-03,6.1678,19.44,65.96,1.91,2022,5,3,123,18,spring,6.7433,7.0399,6.8062,5.149757142857142,5.072803333333334
2022-05-04,6.827,20.16,63.64,4.45,2022,5,4,124,18,spring,6.1678,6.7433,5.5534,5.0585571428571425,5.146283333333334
2022-05-05,4.8502,20.68,65.79,6.2,2022,5,5,125,18,spring,6.827,6.1678,1.6416,5.240499999999999,5.2703766666666665
2022-05-06,5.5291,17.24,73.63,8.41,2022,5,6,126,18,spring,4.8502,6.827,4.3296,5.698871428571429,5.32141
2022-05-07,3.0958,16.76,82.58,5.8,2022,5,7,127,18,spring,5.5291,4.8502,3.9343,5.870228571428571,5.394746666666666
2022-05-08,5.0537,17.32,81.19,4.57,2022,5,8,128,18,spring,3.0958,5.5291,7.0399,5.750442857142858,5.304293333333334
2022-05-09,4.8218,17.14,81.71,2.48,2022,5,9,129,19,spring,5.0537,3.0958,6.7433,5.4667,5.247076666666667
2022-05-10,6.0588,16.91,80.97,2.22,2022,5,10,130,19,spring,4.8218,5.0537,6.1678,5.1922,5.20814
2022-05-11,7.3044,17.86,74.83,1.81,2022,5,11,131,19,spring,6.0588,4.8218,6.827,5.176628571428572,5.17902
2022-05-12,7.53,19.08,61.86,1.63,2022,5,12,132,19,spring,7.3044,6.0588,4.8502,5.244828571428571,5.198916666666666
2022-05-13,7.8194,20.78,52.07,2.2,2022,5,13,133,19,spring,7.53,7.3044,5.5291,5.627657142857143,5.25239
2022-05-14,8.2195,21.11,52.94,1.75,2022,5,14,134,19,spring,7.8194,7.53,3.0958,5.954842857142857,5.367003333333333
2022-05-15,7.4357,22.6,58.78,2.16,2022,5,15,135,19,spring,8.2195,7.8194,5.0537,6.686799999999999,5.5385533333333345
2022-05-16,7.645,22.44,59.91,1.92,2022,5,16,136,20,spring,7.4357,8.2195,4.8218,7.027085714285714,5.718113333333334
2022-05-17,7.7621,22.61,50.97,2.01,2022,5,17,137,20,spring,7.645,7.4357,6.0588,7.4304,5.838066666666666
2022-05-18,7.8727,22.13,59.17,2.23,2022,5,18,138,20,spring,7.7621,7.645,7.3044,7.673728571428571,5.92969
2022-05-19,7.3954,22.27,69.88,2.53,2022,5,19,139,20,spring,7.8727,7.7621,7.53,7.754914285714286,5.99136
2022-05-20,7.8694,22.55,63.87,2.93,2022,5,20,140,20,spring,7.3954,7.8727,7.8194,7.735685714285714,6.0059933333333335
2022-05-21,8.5082,23.23,50.67,2.31,2022,5,21,141,20,spring,7.8694,7.3954,8.2195,7.7428285714285705,6.154563333333334
2022-05-22,7.9327,24.56,42.43,1.65,2022,5,22,142,20,spring,8.5082,7.8694,7.4357,7.784071428571429,6.32245
2022-05-23,8.0467,26.79,42.87,2.25,2022,5,23,143,21,spring,7.9327,8.5082,7.645,7.855071428571429,6.390713333333334
2022-05-24,7.5043,26.89,48.88,1.32,2022,5,24,144,21,spring,8.0467,7.9327,7.7621,7.912457142857144,6.427776666666667
2022-05-25,5.2769,23.88,66.36,2.28,2022,5,25,145,21,spring,7.5043,8.0467,7.8727,7.875628571428571,6.463593333333334
2022-05-26,4.5593,21.73,74.69,3.14,2022,5,26,146,21,spring,5.2769,7.5043,7.3954,7.5048,6.4191633333333336
2022-05-27,6.4452,21.38,70.06,4.62,2022,5,27,147,21,spring,4.5593,5.2769,7.8694,7.099642857142858,6.344266666666667
2022-05-28,4.085,21.45,75.41,5.9,2022,5,28,148,21,spring,6.4452,4.5593,8.5082,6.896185714285715,6.373993333333333
2022-05-29,7.7909,24.53,50.18,4.22,2022,5,29,149,21,spring,4.085,6.4452,7.9327,6.2643,6.455439999999999
2022-05-30,7.1002,26.06,49.33,2.19,2022,5,30,150,22,spring,7.7909,4.085,8.0467,6.244042857142857,6.5708166666666665
2022-05-31,7.4573,26.55,58.35,2.39,2022,5,31,151,22,spring,7.1002,7.7909,7.5043,6.10882857142857,6.676346666666666
2022-06-01,6.8174,28.85,56.26,2.2,2022,6,1,152,22,summer,7.4573,7.1002,5.2769,6.102114285714286,6.690259999999999
2022-06-02,6.9218,26.85,54.15,1.97,2022,6,2,153,22,summer,6.8174,7.4573,4.5593,6.322185714285714,6.692729999999999
2022-06-03,7.2713,30.62,38.8,3.74,2022,6,3,154,22,summer,6.9218,6.8174,6.4452,6.659685714285714,6.717863333333333
2022-06-04,7.8502,30.99,34.22,3.88,2022,6,4,155,22,summer,7.2713,6.9218,4.085,6.7777,6.7326733333333335
2022-06-05,7.685,28.07,49.51,3.52,2022,6,5,156,22,summer,7.8502,7.2713,7.7909,7.315585714285715,6.832673333333333
2022-06-06,7.4417,26.79,50.78,2.94,2022,6,6,157,23,summer,7.685,7.8502,7.1002,7.300457142857142,6.904536666666667
2022-06-07,7.3462,26.89,49.45,3.14,2022,6,7,158,23,summer,7.4417,7.685,7.4573,7.349242857142857,7.0494
2022-06-08,7.687,26.06,56.46,2.85,2022,6,8,159,23,summer,7.3462,7.4417,6.8174,7.333371428571428,7.125816666666666
2022-06-09,6.9106,24.1,58.74,6.48,2022,6,9,160,23,summer,7.687,7.3462,6.9218,7.4576,7.221323333333333
2022-06-10,7.5804,22.94,59.43,6.98,2022,6,10,161,23,summer,6.9106,7.687,7.2713,7.456,7.249716666666666
2022-06-11,7.8079,23.44,63.74,4.88,2022,6,11,162,23,summer,7.5804,6.9106,7.8502,7.500157142857143,7.258916666666667
2022-06-12,7.6594,24.71,60.0,3.88,2022,6,12,163,23,summer,7.8079,7.5804,7.685,7.494114285714285,7.26818
2022-06-13,7.9546,25.58,55.38,3.29,2022,6,13,164,24,summer,7.6594,7.8079,7.4417,7.490457142857143,7.2628466666666665
2022-06-14,8.2015,27.47,41.52,2.46,2022,6,14,165,24,summer,7.9546,7.6594,7.3462,7.563728571428571,7.254016666666668
2022-06-15,7.782,28.24,40.6,1.9,2022,6,15,166,24,summer,8.2015,7.9546,7.687,7.6859142857142855,7.279543333333333
2022-06-16,7.9399,28.5,41.71,2.12,2022,6,16,167,24,summer,7.782,8.2015,6.9106,7.699485714285714,7.28411
2022-06-17,7.8773,29.36,39.82,1.75,2022,6,17,168,24,summer,7.9399,7.782,7.5804,7.846528571428571,7.2900366666666665
2022-06-18,7.8533,26.55,60.61,2.73,2022,6,18,169,24,summer,7.8773,7.9399,7.8079,7.888942857142857,7.290189999999999
2022-06-19,7.0462,26.76,60.84,3.23,2022,6,19,170,24,summer,7.8533,7.8773,7.6594,7.895428571428572,7.305453333333333
2022-06-20,8.0419,27.62,57.27,4.26,2022,6,20,171,25,summer,7.0462,7.8533,7.9546,7.807828571428572,7.278013333333333
2022-06-21,7.5751,29.96,39.38,4.22,2022,6,21,172,25,summer,8.0419,7.0462,8.2015,7.820299999999999,7.2624699999999995
2022-06-22,7.5475,31.09,32.36,3.3,2022,6,22,173,25,summer,7.5751,8.0419,7.782,7.730814285714286,7.25055
2022-06-23,8.0935,30.39,42.35,1.82,2022,6,23,174,25,summer,7.5475,7.5751,7.9399,7.697314285714285,7.23391
2022-06-24,7.98,29.26,53.1,1.75,2022,6,24,175,25,summer,8.0935,7.5475,7.8773,7.719257142857144,7.253550000000001
2022-06-25,7.548,30.81,44.43,3.57,2022,6,25,176,25,summer,7.98,8.0935,7.8533,7.733928571428571,7.343653333333333
2022-06-26,7.5072,32.82,35.99,4.73,2022,6,26,177,25,summer,7.548,7.98,7.0462,7.690314285714286,7.443276666666667
2022-06-27,7.8938,34.13,35.3,3.06,2022,6,27,178,26,summer,7.5072,7.548,8.0419,7.756171428571428,7.478676666666667
2022-06-28,7.1945,28.47,63.34,4.31,2022,6,28,179,26,summer,7.8938,7.5072,7.5751,7.735014285714286,7.605636666666667
2022-06-29,7.1849,27.61,58.62,3.31,2022,6,29,180,26,summer,7.1945,7.8938,7.5475,7.680642857142858,7.585756666666667
2022-06-30,5.2315,29.84,56.46,2.31,2022,6,30,181,26,summer,7.1849,7.1945,8.0935,7.628842857142857,7.588579999999999
2022-07-01,6.5251,31.7,54.06,2.36,2022,7,1,182,26,summer,5.2315,7.1849,7.98,7.219985714285714,7.514386666666667
2022-07-02,7.3951,28.3,66.21,2.9,2022,7,2,183,26,summer,6.5251,5.2315,7.548,7.012142857142857,7.504643333333334
2022-07-03,6.7874,28.44,57.62,2.1,2022,7,3,184,26,summer,7.3951,6.5251,7.5072,6.9902999999999995,7.52042
2022-07-04,7.7724,30.53,43.36,1.83,2022,7,4,185,27,summer,6.7874,7.3951,7.8938,6.887471428571429,7.504289999999999
2022-07-05,7.2029,31.01,46.14,2.16,2022,7,5,186,27,summer,7.7724,6.7874,7.1945,6.870128571428572,7.501696666666666
2022-07-06,6.9982,31.21,48.75,2.71,2022,7,6,187,27,summer,7.2029,7.7724,7.1849,6.871328571428571,7.485626666666666
2022-07-07,6.9581,30.35,49.67,3.88,2022,7,7,188,27,summer,6.9982,7.2029,5.2315,6.844657142857143,7.470843333333333
2022-07-08,6.8674,26.72,59.03,6.27,2022,7,8,189,27,summer,6.9581,6.9982,6.5251,7.091314285714286,7.457906666666667
2022-07-09,6.6787,26.6,61.29,4.24,2022,7,9,190,27,summer,6.8674,6.9581,7.3951,7.140214285714285,7.430586666666667
2022-07-10,6.9766,26.62,56.16,3.03,2022,7,10,191,27,summer,6.6787,6.8674,6.7874,7.037871428571429,7.422856666666666
2022-07-11,7.2372,26.66,55.31,2.83,2022,7,11,192,28,summer,6.9766,6.6787,7.7724,7.064900000000001,7.40273
2022-07-12,8.0618,28.1,53.52,4.24,2022,7,12,193,28,summer,7.2372,6.9766,7.2029,6.988442857142857,7.383706666666667
2022-07-13,6.8539,29.16,53.54,3.3,2022,7,13,194,28,summer,8.0618,7.2372,6.9982,7.111142857142857,7.39712
2022-07-14,6.4169,27.71,56.27,2.18,2022,7,14,195,28,summer,6.8539,8.0618,6.9581,7.090528571428572,7.360429999999999
2022-07-15,7.8902,27.91,54.82,1.94,2022,7,15,196,28,summer,6.4169,6.8539,6.8674,7.013214285714286,7.300943333333334
2022-07-16,8.0263,28.74,47.64,2.14,2022,7,16,197,28,summer,7.8902,6.4169,6.6787,7.159328571428572,7.304550000000001
2022-07-17,8.149,30.46,39.7,2.49,2022,7,17,198,28,summer,8.0263,7.8902,6.9766,7.351842857142857,7.30743
2022-07-18,7.6906,30.82,39.3,3.38,2022,7,18,199,29,summer,8.149,8.0263,7.2372,7.519328571428572,7.316486666666666
2022-07-19,7.6507,31.58,40.73,4.1,2022,7,19,200,29,summer,7.6906,8.149,8.0618,7.584099999999999,7.311063333333333
2022-07-20,7.5221,31.56,41.11,3.96,2022,7,20,201,29,summer,7.6507,7.6906,6.8539,7.525371428571428,7.331213333333333
2022-07-21,6.9384,31.11,48.04,2.39,2022,7,21,202,29,summer,7.5221,7.6507,6.4169,7.620828571428571,7.313886666666666
2022-07-22,7.5485,30.88,44.21,2.32,2022,7,22,203,29,summer,6.9384,7.5221,7.8902,7.695328571428571,7.2926633333333335
2022-07-23,6.811,31.4,42.82,2.58,2022,7,23,204,29,summer,7.5485,6.9384,8.0263,7.646514285714285,7.292696666666667
2022-07-24,7.404,31.82,37.94,2.05,2022,7,24,205,29,summer,6.811,7.5485,8.149,7.4729,7.249946666666665
2022-07-25,7.2449,31.68,38.33,2.51,2022,7,25,206,30,summer,7.404,6.811,7.6906,7.366471428571428,7.230746666666666
2022-07-26,7.219,31.9,40.28,2.71,2022,7,26,207,30,summer,7.2449,7.404,7.6507,7.3027999999999995,7.220643333333332
2022-07-27,6.9542,30.2,57.23,4.3,2022,7,27,208,30,summer,7.219,7.2449,7.5221,7.241128571428571,7.211036666666668
2022-07-28,6.7529,30.19,59.11,3.02,2022,7,28,209,30,summer,6.9542,7.219,6.9384,7.159999999999999,7.179716666666666
2022-07-29,7.1069,31.15,55.86,1.9,2022,7,29,210,30,summer,6.7529,6.9542,7.5485,7.1335,7.164996666666667
2022-07-30,6.8635,31.19,51.56,3.24,2022,7,30,211,30,summer,7.1069,6.7529,6.811,7.0704142857142855,7.162396666666667
2022-07-31,7.0937,29.51,57.32,4.48,2022,7,31,212,30,summer,6.8635,7.1069,7.404,7.077914285714286,7.216796666666666
2022-08-01,6.6624,29.35,57.06,2.21,2022,8,1,213,31,summer,7.0937,6.8635,7.2449,7.0335857142857146,7.2357499999999995
2022-08-02,6.7658,28.79,59.54,2.38,2022,8,2,214,31,summer,6.6624,7.0937,7.219,6.9503714285714295,7.211326666666666
2022-08-03,6.6348,29.45,56.33,2.37,2022,8,3,215,31,summer,6.7658,6.6624,6.9542,6.885628571428572,7.210606666666667
2022-08-04,6.5393,30.57,52.45,2.94,2022,8,4,216,31,summer,6.6348,6.7658,6.7529,6.840000000000001,7.172686666666666
2022-08-05,6.9499,31.72,43.92,3.07,2022,8,5,217,31,summer,6.5393,6.6348,7.1069,6.809485714285714,7.150566666666666
2022-08-06,6.2602,30.0,60.19,2.67,2022,8,6,218,31,summer,6.9499,6.5393,6.8635,6.787057142857143,7.148956666666667
2022-08-07,6.6293,29.89,61.38,4.37,2022,8,7,219,31,summer,6.2602,6.9499,7.0937,6.700871428571429,7.125693333333333
2022-08-08,6.1183,29.96,62.16,3.73,2022,8,8,220,32,summer,6.6293,6.2602,6.6624,6.634528571428572,7.117756666666667
2022-08-09,6.3458,29.12,63.1,3.05,2022,8,9,221,32,summer,6.1183,6.6293,6.7658,6.5568,7.099076666666666
2022-08-10,6.3871,28.78,62.39,2.89,2022,8,10,222,32,summer,6.3458,6.1183,6.6348,6.4967999999999995,7.07805
2022-08-11,6.4934,28.63,61.16,2.26,2022,8,11,223,32,summer,6.3871,6.3458,6.5393,6.4614142857142856,7.049713333333333
2022-08-12,6.9444,28.81,56.12,2.67,2022,8,12,224,32,summer,6.4934,6.3871,6.9499,6.4548571428571435,6.997433333333333
2022-08-13,6.9646,30.64,45.79,2.46,2022,8,13,225,32,summer,6.9444,6.4934,6.2602,6.454071428571429,7.000450000000001
2022-08-14,6.5839,31.49,41.46,2.25,2022,8,14,226,32,summer,6.9646,6.9444,6.6293,6.5546999999999995,7.0187066666666675
2022-08-15,5.6962,32.41,41.63,2.71,2022,8,15,227,33,summer,6.5839,6.9646,6.1183,6.548214285714286,6.975163333333333
2022-08-16,5.7413,32.73,42.67,3.82,2022,8,16,228,33,summer,5.6962,6.5839,6.3458,6.487914285714285,6.897493333333333
2022-08-17,6.1754,35.44,37.68,5.12,2022,8,17,229,33,summer,5.7413,5.6962,6.3871,6.401557142857143,6.817236666666667
2022-08-18,5.3446,31.04,54.83,4.43,2022,8,18,230,33,summer,6.1754,5.7413,6.4934,6.371314285714285,6.76673
2022-08-19,5.9328,28.27,54.53,6.47,2022,8,19,231,33,summer,5.3446,6.1754,6.9444,6.207199999999999,6.6898599999999995
2022-08-20,6.6953,28.16,53.72,6.18,2022,8,20,232,33,summer,5.9328,5.3446,6.9646,6.062685714285714,6.6368833333333335
2022-08-21,6.5642,27.62,58.9,5.83,2022,8,21,233,33,summer,6.6953,5.9328,6.5839,6.024214285714286,6.628780000000001
2022-08-22,5.5867,28.03,60.1,5.31,2022,8,22,234,34,summer,6.5642,6.6953,5.6962,6.0214,6.5959699999999994
2022-08-23,6.5395,27.4,59.55,5.09,2022,8,23,235,34,summer,5.5867,6.5642,5.7413,6.005757142857143,6.555160000000001
2022-08-24,6.4426,27.41,59.58,2.87,2022,8,24,236,34,summer,6.5395,5.5867,6.1754,6.1197857142857135,6.526343333333333
2022-08-25,6.1956,27.26,60.56,2.64,2022,8,25,237,34,summer,6.4426,6.5395,5.3446,6.157957142857143,6.4996
2022-08-26,6.4771,27.84,59.2,2.68,2022,8,26,238,34,summer,6.1956,6.4426,5.9328,6.279528571428572,6.465486666666666
2022-08-27,6.0259,29.27,55.01,1.58,2022,8,27,239,34,summer,6.4771,6.1956,6.6953,6.357285714285715,6.449583333333334
2022-08-28,6.0509,29.21,60.66,2.04,2022,8,28,240,34,summer,6.0259,6.4771,6.5642,6.2616571428571435,6.42535
2022-08-29,5.9772,28.15,62.57,1.84,2022,8,29,241,35,summer,6.0509,6.0259,5.5867,6.188328571428571,6.39015
2022-08-30,6.4145,29.34,57.04,2.27,2022,8,30,242,35,summer,5.9772,6.0509,6.5395,6.244114285714285,6.360606666666667
2022-08-31,4.487,27.75,56.11,3.15,2022,8,31,243,35,summer,6.4145,5.9772,6.4426,6.226257142857143,6.337966666666667
2022-09-01,6.1394,28.47,60.67,3.07,2022,9,1,244,35,autumn,4.487,6.4145,6.1956,5.946885714285714,6.265453333333334
2022-09-02,5.491,30.06,56.77,2.19,2022,9,2,245,35,autumn,6.1394,4.487,6.4771,5.938857142857143,6.244573333333333
2022-09-03,5.3986,31.43,51.99,3.12,2022,9,3,246,35,autumn,5.491,6.1394,6.0259,5.797985714285714,6.2064466666666664
2022-09-04,4.9594,31.2,45.17,2.39,2022,9,4,247,35,autumn,5.3986,5.491,6.0509,5.708371428571428,6.168423333333334
2022-09-05,5.5349,32.64,46.42,3.34,2022,9,5,248,36,autumn,4.9594,5.3986,5.9772,5.552442857142857,6.102073333333333
2022-09-06,5.1768,30.76,60.4,2.63,2022,9,6,249,36,autumn,5.5349,4.9594,6.4145,5.489257142857143,6.077896666666667
2022-09-07,5.3938,30.29,56.26,2.7,2022,9,7,250,36,autumn,5.1768,5.5349,4.487,5.312442857142857,6.02948
2022-09-08,5.5625,31.5,46.65,3.2,2022,9,8,251,36,autumn,5.3938,5.1768,6.1394,5.441985714285714,6.00533
2022-09-09,5.4427,29.77,56.01,2.06,2022,9,9,252,36,autumn,5.5625,5.3938,5.491,5.359571428571428,5.97922
2022-09-10,5.8574,28.35,61.27,2.66,2022,9,10,253,36,autumn,5.4427,5.5625,5.3986,5.352671428571428,5.94774
2022-09-11,6.3859,28.48,56.52,2.62,2022,9,11,254,36,autumn,5.8574,5.4427,4.9594,5.418214285714285,5.92654
2022-09-12,6.119,28.11,56.41,2.27,2022,9,12,255,37,autumn,6.3859,5.8574,5.5349,5.622,5.907923333333334
2022-09-13,5.8625,29.27,56.94,3.48,2022,9,13,256,37,autumn,6.119,6.3859,5.1768,5.705442857142858,5.879736666666667
2022-09-14,5.7281,31.82,53.35,4.84,2022,9,14,257,37,autumn,5.8625,6.119,5.3938,5.803400000000001,5.855689999999999
2022-09-15,5.4998,31.43,51.79,3.97,2022,9,15,258,37,autumn,5.7281,5.8625,5.5625,5.851157142857143,5.856753333333333
2022-09-16,5.359,29.29,66.75,2.42,2022,9,16,259,37,autumn,5.4998,5.7281,5.4427,5.8422,5.848703333333333
2022-09-17,4.2019,26.57,68.02,4.17,2022,9,17,260,37,autumn,5.359,5.4998,5.8574,5.830242857142857,5.82149
2022-09-18,5.352,25.29,55.33,2.58,2022,9,18,261,37,autumn,4.2019,5.359,6.3859,5.593742857142858,5.7834
2022-09-19,5.1019,27.56,60.65,2.72,2022,9,19,262,38,autumn,5.352,4.2019,6.119,5.446042857142857,5.76404
2022-09-20,5.1187,26.13,61.01,3.91,2022,9,20,263,38,autumn,5.1019,5.352,5.8625,5.300742857142857,5.7109266666666665
2022-09-21,5.1262,24.32,62.67,3.94,2022,9,21,264,38,autumn,5.1187,5.1019,5.7281,5.1944857142857135,5.662743333333333
2022-09-22,1.7071,23.29,63.58,1.1,2022,9,22,265,38,autumn,5.1262,5.1187,5.4998,5.1085,5.647393333333333
2022-09-23,4.6718,22.45,64.35,2.27,2022,9,23,266,38,autumn,1.7071,5.1262,5.359,4.566685714285714,5.486313333333333
2022-09-24,5.569,23.85,55.43,4.23,2022,9,24,267,38,autumn,4.6718,1.7071,4.2019,4.468514285714286,5.4272866666666655
2022-09-25,4.9978,25.08,61.8,3.72,2022,9,25,268,38,autumn,5.569,4.6718,5.352,4.663814285714286,5.4064000000000005
2022-09-26,2.6952,24.41,72.85,3.54,2022,9,26,269,39,autumn,4.9978,5.569,5.1019,4.613214285714285,5.3570899999999995
2022-09-27,3.7082,23.46,67.0,4.5,2022,9,27,270,39,autumn,2.6952,4.9978,5.1187,4.2694,5.246066666666666
2022-09-28,4.6848,22.4,65.17,4.02,2022,9,28,271,39,autumn,3.7082,2.6952,5.1262,4.0679,5.167976666666666
2022-09-29,5.3328,23.34,57.06,3.54,2022,9,29,272,39,autumn,4.6848,3.7082,1.7071,4.004842857142857,5.124896666666666
2022-09-30,4.9162,23.69,65.22,2.59,2022,9,30,273,39,autumn,5.3328,4.6848,4.6718,4.5228,5.08884
2022-10-01,5.0834,21.98,65.17,4.67,2022,10,1,274,39,autumn,4.9162,5.3328,5.569,4.557714285714286,5.103146666666666
2022-10-02,5.0402,22.23,65.63,3.65,2022,10,2,275,39,autumn,5.0834,4.9162,4.9978,4.4883428571428565,5.067946666666667
2022-10-03,4.9584,22.93,70.72,2.97,2022,10,3,276,40,autumn,5.0402,5.0834,2.6952,4.4944,5.05292
2022-10-04,4.9063,22.71,76.9,2.42,2022,10,4,277,40,autumn,4.9584,5.0402,3.7082,4.817714285714286,5.038246666666667
2022-10-05,4.5972,23.65,71.06,2.11,2022,10,5,278,40,autumn,4.9063,4.9584,4.6848,4.988871428571429,5.036476666666667
2022-10-06,4.3853,24.64,67.45,3.1,2022,10,6,279,40,autumn,4.5972,4.9063,5.3328,4.976357142857142,5.00522
2022-10-07,4.4741,23.68,62.25,2.7,2022,10,7,280,40,autumn,4.3853,4.5972,4.9162,4.841,4.978836666666667
2022-10-08,4.3846,24.56,60.59,1.91,2022,10,8,281,40,autumn,4.4741,4.3853,5.0834,4.777842857142857,4.94818
2022-10-09,3.005,24.34,61.65,1.5,2022,10,9,282,40,autumn,4.3846,4.4741,5.0402,4.678014285714285,4.908916666666667
2022-10-10,4.4366,24.86,60.13,1.74,2022,10,10,283,41,autumn,3.005,4.3846,4.9584,4.387271428571428,4.82766
2022-10-11,3.8698,24.33,69.7,2.37,2022,10,11,284,41,autumn,4.4366,3.005,4.9063,4.312728571428571,4.7802999999999995
2022-10-12,3.0878,24.0,77.19,3.68,2022,10,12,285,41,autumn,3.8698,4.4366,4.5972,4.164657142857143,4.69643
2022-10-13,2.7754,22.16,80.52,3.57,2022,10,13,286,41,autumn,3.0878,3.8698,4.3853,3.9490285714285713,4.595389999999999
2022-10-14,3.6869,22.64,69.44,5.25,2022,10,14,287,41,autumn,2.7754,3.0878,4.4741,3.7190428571428567,4.492486666666667
2022-10-15,4.1762,22.99,72.91,3.18,2022,10,15,288,41,autumn,3.6869,2.7754,4.3846,3.606585714285714,4.424446666666666
2022-10-16,4.2859,23.26,72.2,3.62,2022,10,16,289,41,autumn,4.1762,3.6869,3.005,3.5768142857142857,4.380326666666666
2022-10-17,4.1088,23.5,76.72,3.84,2022,10,17,290,42,autumn,4.2859,4.1762,4.4366,3.7598,4.344556666666667
2022-10-18,4.4558,23.18,73.3,2.28,2022,10,18,291,42,autumn,4.1088,4.2859,3.8698,3.712971428571428,4.341453333333334
2022-10-19,4.5372,22.15,65.0,1.57,2022,10,19,292,42,autumn,4.4558,4.1088,3.0878,3.796685714285714,4.31158
2022-10-20,4.2706,21.6,62.79,2.01,2022,10,20,293,42,autumn,4.5372,4.4558,2.7754,4.003742857142857,4.2927566666666666
2022-10-21,4.193,22.67,59.33,4.54,2022,10,21,294,42,autumn,4.2706,4.5372,3.6869,4.2173428571428575,4.2644866666666665
2022-10-22,4.4059,23.74,56.08,3.39,2022,10,22,295,42,autumn,4.193,4.2706,4.1762,4.289642857142857,4.2333799999999995
2022-10-23,4.5509,23.63,47.09,2.96,2022,10,23,296,42,autumn,4.4059,4.193,4.2859,4.322457142857143,4.32334
2022-10-24,4.062,24.71,38.03,1.93,2022,10,24,297,43,autumn,4.5509,4.4059,4.1088,4.360314285714286,4.31931
2022-10-25,3.9646,24.28,41.74,1.57,2022,10,25,298,43,autumn,4.062,4.5509,4.4558,4.353628571428572,4.269076666666666
2022-10-26,4.043,22.91,38.0,2.1,2022,10,26,299,43,autumn,3.9646,4.062,4.5372,4.283457142857143,4.234636666666666
2022-10-27,3.8767,22.73,36.16,2.71,2022,10,27,300,43,autumn,4.043,3.9646,4.2706,4.212857142857143,4.279563333333333
2022-10-28,3.9972,22.25,49.25,1.71,2022,10,28,301,43,autumn,3.8767,4.043,4.193,4.156585714285714,4.2851799999999995
2022-10-29,3.701,21.71,69.39,2.06,2022,10,29,302,43,autumn,3.9972,3.8767,4.4059,4.128614285714286,4.2622599999999995
2022-10-30,3.6571,21.96,72.16,3.07,2022,10,30,303,43,autumn,3.701,3.9972,4.5509,4.027914285714286,4.207866666666667
2022-10-31,3.9542,21.23,70.42,2.74,2022,10,31,304,44,autumn,3.6571,3.701,4.062,3.9002285714285714,4.165896666666667
2022-11-01,3.8976,20.83,56.57,2.15,2022,11,1,305,44,autumn,3.9542,3.6571,3.9646,3.8848285714285713,4.128256666666667
2022-11-02,3.103,20.89,50.4,1.76,2022,11,2,306,44,autumn,3.8976,3.9542,4.043,3.875257142857143,4.09017
2022-11-03,3.0874,22.89,37.65,3.17,2022,11,3,307,44,autumn,3.103,3.8976,3.8767,3.7409714285714286,4.028323333333334
2022-11-04,2.4391,21.1,67.32,4.54,2022,11,4,308,44,autumn,3.0874,3.103,3.9972,3.628214285714286,3.9676933333333335
2022-11-05,2.5296,17.54,66.89,8.27,2022,11,5,309,44,autumn,2.4391,3.0874,3.701,3.4056285714285717,3.8957566666666668
2022-11-06,3.0986,18.19,66.62,5.29,2022,11,6,310,44,autumn,2.5296,2.4391,3.6571,3.238285714285715,3.8339
2022-11-07,3.4834,17.33,71.0,1.64,2022,11,7,311,45,autumn,3.0986,2.5296,3.9542,3.1585,3.7880499999999997
2022-11-08,3.5825,18.5,60.78,2.47,2022,11,8,312,45,autumn,3.4834,3.0986,3.8976,3.091242857142857,3.75801
2022-11-09,3.2515,20.2,58.73,1.7,2022,11,9,313,45,autumn,3.5825,3.4834,3.103,3.0462285714285713,3.7772599999999996
2022-11-10,3.2354,19.19,76.9,2.0,2022,11,10,314,45,autumn,3.2515,3.5825,3.0874,3.067442857142857,3.737756666666667
2022-11-11,2.8858,18.56,84.97,1.7,2022,11,11,315,45,autumn,3.2354,3.2515,2.4391,3.0885857142857143,3.71661
2022-11-12,3.0605,19.21,72.32,1.54,2022,11,12,316,45,autumn,2.8858,3.2354,2.5296,3.1524,3.7098766666666667
2022-11-13,2.759,17.36,77.7,1.12,2022,11,13,317,45,autumn,3.0605,2.8858,3.0986,3.228242857142857,3.71938
2022-11-14,2.815,18.36,74.38,1.87,2022,11,14,318,46,autumn,2.759,3.0605,3.4834,3.179728571428572,3.68845
2022-11-15,2.8238,19.28,63.59,1.59,2022,11,15,319,46,autumn,2.815,2.759,3.5825,3.0842428571428573,3.6430766666666665
2022-11-16,2.9654,18.96,77.11,3.18,2022,11,16,320,46,autumn,2.8238,2.815,3.2515,2.975857142857143,3.5943400000000003
2022-11-17,2.5601,19.31,80.12,4.76,2022,11,17,321,46,autumn,2.9654,2.8238,3.2354,2.9349857142857148,3.556226666666667
2022-11-18,2.9282,19.7,79.22,3.95,2022,11,18,322,46,autumn,2.5601,2.9654,2.8858,2.8385142857142855,3.493036666666667
2022-11-19,1.7808,17.51,70.19,5.49,2022,11,19,323,46,autumn,2.9282,2.5601,3.0605,2.8445714285714283,3.4394033333333334
2022-11-20,2.1547,15.51,68.12,7.26,2022,11,20,324,46,autumn,1.7808,2.9282,2.759,2.6617571428571423,3.35641
2022-11-21,3.1567,16.22,60.24,5.0,2022,11,21,325,47,autumn,2.1547,1.7808,2.815,2.575428571428571,3.288466666666667
2022-11-22,2.173,15.42,57.99,8.11,2022,11,22,326,47,autumn,3.1567,2.1547,2.8238,2.624242857142857,3.2468266666666667
2022-11-23,1.6078,17.75,76.59,7.41,2022,11,23,327,47,autumn,2.173,3.1567,2.9654,2.5312714285714284,3.1675633333333337
2022-11-24,2.827,17.35,79.19,4.75,2022,11,24,328,47,autumn,1.6078,2.173,2.5601,2.3373285714285714,3.0857566666666667
2022-11-25,2.8776,17.31,77.88,1.36,2022,11,25,329,47,autumn,2.827,1.6078,2.9282,2.375457142857143,3.047836666666667
2022-11-26,1.6284,16.11,75.46,7.7,2022,11,26,330,47,autumn,2.8776,2.827,1.7808,2.3682285714285713,3.00899
2022-11-27,1.6754,15.81,70.02,6.44,2022,11,27,331,47,autumn,1.6284,2.8776,2.1547,2.346457142857143,2.9340466666666667
2022-11-28,2.687,14.46,66.39,2.35,2022,11,28,332,48,autumn,1.6754,1.6284,3.1567,2.2779857142857147,2.8566533333333335
2022-11-29,2.0153,14.35,73.65,3.69,2022,11,29,333,48,autumn,2.687,1.6754,2.173,2.2108857142857143,2.822853333333333
2022-11-30,2.1362,13.81,75.41,5.0,2022,11,30,334,48,autumn,2.0153,2.687,1.6078,2.188357142857143,2.768126666666667
2022-12-01,2.6472,13.92,73.3,2.27,2022,12,1,335,48,winter,2.1362,2.0153,2.827,2.2638428571428575,2.7075266666666664
2022-12-02,2.0537,13.57,61.1,4.27,2022,12,2,336,48,winter,2.6472,2.1362,2.8776,2.2381571428571427,2.665846666666667
2022-12-03,2.2594,13.95,69.53,2.33,2022,12,3,337,48,winter,2.0537,2.6472,1.6284,2.1204571428571426,2.6308700000000003
2022-12-04,2.8735,13.69,57.5,2.12,2022,12,4,338,48,winter,2.2594,2.0537,1.6754,2.2106000000000003,2.60327
2022-12-05,2.9436,14.31,59.05,2.51,2022,12,5,339,49,winter,2.8735,2.2594,2.687,2.381757142857143,2.61775
2022-12-06,1.9874,16.06,62.85,3.18,2022,12,6,340,49,winter,2.9436,2.8735,2.0153,2.4184142857142854,2.63155
2022-12-07,2.7043,16.08,83.92,2.86,2022,12,7,341,49,winter,1.9874,2.9436,2.1362,2.4144285714285716,2.59451
2022-12-08,2.5368,15.92,74.09,2.64,2022,12,8,342,49,winter,2.7043,1.9874,2.6472,2.4955857142857143,2.56854
2022-12-09,1.5614,18.48,67.56,3.85,2022,12,9,343,49,winter,2.5368,2.7043,2.0537,2.4798142857142857,2.5336833333333337
2022-12-10,2.0402,17.85,75.23,5.41,2022,12,10,344,49,winter,1.5614,2.5368,2.2594,2.4094857142857142,2.4773466666666666
2022-12-11,2.0482,15.97,75.91,4.37,2022,12,11,345,49,winter,2.0402,1.5614,2.8735,2.378171428571428,2.4375066666666663
2022-12-12,2.13,15.84,83.5,3.78,2022,12,12,346,50,winter,2.0482,2.0402,2.9436,2.2602714285714285,2.4095866666666668
2022-12-13,2.3784,18.11,77.51,5.04,2022,12,13,347,50,winter,2.13,2.0482,1.9874,2.144042857142857,2.3785700000000003
2022-12-14,2.6335,18.9,73.67,4.24,2022,12,14,348,50,winter,2.3784,2.13,2.7043,2.1999,2.3658833333333336
2022-12-15,2.3126,19.28,64.68,2.89,2022,12,15,349,50,winter,2.6335,2.3784,2.5368,2.1897857142857142,2.3598333333333334
2022-12-16,2.1202,16.13,78.22,2.59,2022,12,16,350,50,winter,2.3126,2.6335,1.5614,2.1577571428571427,2.3427933333333333
2022-12-17,2.4919,15.01,78.44,2.1,2022,12,17,351,50,winter,2.1202,2.3126,2.0402,2.2375857142857143,2.3146199999999997
2022-12-18,2.6827,14.4,85.45,1.91,2022,12,18,352,50,winter,2.4919,2.1202,2.0482,2.3021142857142856,2.312346666666667
2022-12-19,2.6842,14.08,84.53,1.47,2022,12,19,353,51,winter,2.6827,2.4919,2.13,2.392757142857143,2.3041633333333333
2022-12-20,2.802,12.69,73.77,1.73,2022,12,20,354,51,winter,2.6842,2.6827,2.3784,2.4719285714285713,2.3342766666666668
2022-12-21,2.6551,13.58,75.79,2.18,2022,12,21,355,51,winter,2.802,2.6842,2.6335,2.532442857142857,2.3558533333333336
2022-12-22,2.0609,15.31,87.36,4.25,2022,12,22,356,51,winter,2.6551,2.802,2.3126,2.5355285714285714,2.3391333333333333
2022-12-23,2.527,15.87,86.81,5.52,2022,12,23,357,51,winter,2.0609,2.6551,2.1202,2.4995714285714286,2.335396666666667
2022-12-24,2.7002,16.39,75.46,4.58,2022,12,24,358,51,winter,2.527,2.0609,2.4919,2.5576857142857143,2.3660366666666666
2022-12-25,2.7542,17.93,52.8,2.14,2022,12,25,359,51,winter,2.7002,2.527,2.6827,2.587442857142857,2.3618099999999997
2022-12-26,2.8718,16.82,53.36,1.59,2022,12,26,360,52,winter,2.7542,2.7002,2.6842,2.5976571428571433,2.3576966666666666
2022-12-27,2.9066,15.68,65.06,2.36,2022,12,27,361,52,winter,2.8718,2.7542,2.802,2.624457142857143,2.3991433333333334
2022-12-28,2.9722,14.01,77.75,1.95,2022,12,28,362,52,winter,2.9066,2.8718,2.6551,2.6393999999999997,2.440183333333333
2022-12-29,2.3489,13.14,62.97,1.73,2022,12,29,363,52,winter,2.9722,2.9066,2.0609,2.6847,2.44969
2022-12-30,2.8032,14.01,77.09,2.1,2022,12,30,364,52,winter,2.3489,2.9722,2.527,2.7258428571428572,2.4608100000000004
2022-12-31,2.8394,13.89,58.95,1.98,2022,12,31,365,52,winter,2.8032,2.3489,2.7002,2.7653,2.4830433333333337
2023-01-01,2.7914,13.57,56.71,2.84,2023,1,1,1,52,winter,2.8394,2.8032,2.7542,2.785185714285714,2.4894499999999997
2023-01-02,3.0146,13.68,55.81,4.68,2023,1,2,2,1,winter,2.7914,2.8394,2.8718,2.7905,2.51404
2023-01-03,2.9602,12.61,64.79,1.9,2023,1,3,3,1,winter,3.0146,2.7914,2.9066,2.8108999999999997,2.5392133333333335
2023-01-04,2.8246,12.63,87.47,2.69,2023,1,4,4,1,winter,2.9602,3.0146,2.9722,2.8185571428571428,2.542103333333333
2023-01-05,2.3362,12.93,87.2,2.1,2023,1,5,5,1,winter,2.8246,2.9602,2.3489,2.7974714285714284,2.538136666666667
2023-01-06,2.5092,12.83,84.85,2.72,2023,1,6,6,1,winter,2.3362,2.8246,2.8032,2.795657142857143,2.549763333333333
2023-01-07,1.8581,12.9,79.75,2.1,2023,1,7,7,1,winter,2.5092,2.3362,2.8394,2.753657142857143,2.5432599999999996
2023-01-08,3.1392,11.86,63.99,2.13,2023,1,8,8,1,winter,1.8581,2.5092,2.7914,2.6134714285714287,2.5206366666666664
2023-01-09,2.2591,14.36,69.67,4.51,2023,1,9,9,2,winter,3.1392,1.8581,3.0146,2.6631571428571426,2.57323
2023-01-10,2.2898,14.39,64.57,7.79,2023,1,10,10,2,winter,2.2591,3.1392,2.9602,2.5552285714285716,2.5805266666666666
2023-01-11,2.453,13.54,73.57,4.16,2023,1,11,11,2,winter,2.2898,2.2591,2.8246,2.459457142857143,2.58858
2023-01-12,2.7362,14.25,75.32,5.44,2023,1,12,12,2,winter,2.453,2.2898,2.3362,2.4063714285714286,2.599346666666667
2023-01-13,2.0393,14.69,73.55,4.69,2023,1,13,13,2,winter,2.7362,2.453,2.5092,2.463514285714286,2.6112733333333336
2023-01-14,2.7293,14.69,72.02,5.34,2023,1,14,14,2,winter,2.0393,2.7362,1.8581,2.3963857142857146,2.591466666666667
2023-01-15,3.0715,13.38,72.81,2.34,2023,1,15,15,2,winter,2.7293,2.0393,3.1392,2.520842857142857,2.6053566666666668
2023-01-16,3.0204,13.5,73.77,5.06,2023,1,16,16,3,winter,3.0715,2.7293,2.2591,2.5111714285714286,2.637066666666667
2023-01-17,1.8677,14.74,62.04,4.62,2023,1,17,17,3,winter,3.0204,3.0715,2.2898,2.6199285714285714,2.6546833333333333
2023-01-18,2.5354,12.8,72.34,5.37,2023,1,18,18,3,winter,1.8677,3.0204,2.453,2.5596285714285716,2.6275166666666667
2023-01-19,2.1252,9.44,76.77,5.51,2023,1,19,19,3,winter,2.5354,1.8677,2.7362,2.5714,2.6225566666666666
2023-01-20,2.0652,9.74,68.91,7.38,2023,1,20,20,3,winter,2.1252,2.5354,2.0393,2.4841142857142855,2.5999966666666667
2023-01-21,1.8156,8.9,68.48,5.97,2023,1,21,21,3,winter,2.0652,2.1252,2.7293,2.4878142857142858,2.5803333333333334
2023-01-22,2.7322,7.88,81.13,4.33,2023,1,22,22,3,winter,1.8156,2.0652,3.0715,2.3572857142857138,2.5721566666666664
2023-01-23,3.3242,8.21,76.27,3.39,2023,1,23,23,4,winter,2.7322,1.8156,3.0204,2.3088142857142855,2.578996666666667
2023-01-24,2.9561,8.11,54.73,2.93,2023,1,24,24,4,winter,3.3242,2.7322,1.8677,2.3522142857142856,2.5997966666666668
2023-01-25,2.1494,7.41,66.56,1.85,2023,1,25,25,4,winter,2.9561,3.3242,2.5354,2.5077,2.606526666666667
2023-01-26,2.8397,7.98,87.18,3.39,2023,1,26,26,4,winter,2.1494,2.9561,2.1252,2.4525571428571427,2.582446666666667
2023-01-27,2.6467,10.31,78.31,4.38,2023,1,27,27,4,winter,2.8397,2.1494,2.0652,2.5546285714285717,2.5802166666666664
2023-01-28,3.0144,9.55,76.62,3.45,2023,1,28,28,4,winter,2.6467,2.8397,1.8156,2.6376999999999997,2.569366666666667
2023-01-29,2.9491,9.32,85.62,2.57,2023,1,29,29,4,winter,3.0144,2.6467,2.7322,2.808957142857143,2.59155
2023-01-30,3.0828,9.91,81.81,2.68,2023,1,30,30,5,winter,2.9491,3.0144,3.3242,2.8399428571428573,2.596413333333333
2023-01-31,2.7948,11.59,74.34,4.98,2023,1,31,31,5,winter,3.0828,2.9491,2.9561,2.805457142857143,2.6045266666666667
2023-02-01,2.2188,11.23,78.05,2.28,2023,2,1,32,5,winter,2.7948,3.0828,2.1494,2.7824142857142857,2.6046400000000003
2023-02-02,1.5406,11.82,77.07,2.99,2023,2,2,33,5,winter,2.2188,2.7948,2.8397,2.792328571428572,2.5781133333333335
2023-02-03,3.4315,11.96,76.03,1.74,2023,2,3,34,5,winter,1.5406,2.2188,2.6467,2.6067428571428573,2.5307933333333335
2023-02-04,3.7298,11.48,79.59,4.06,2023,2,4,35,5,winter,3.4315,1.5406,3.0144,2.718857142857143,2.551023333333333
2023-02-05,3.0775,12.99,71.0,2.7,2023,2,5,36,5,winter,3.7298,3.4315,2.9491,2.8210571428571427,2.5974766666666667
2023-02-06,2.2272,11.21,80.14,3.08,2023,2,6,37,6,winter,3.0775,3.7298,3.0828,2.8394000000000004,2.6164199999999997
2023-02-07,1.3171,10.08,87.13,5.01,2023,2,7,38,6,winter,2.2272,3.0775,2.7948,2.7171714285714286,2.6287233333333337
2023-02-08,0.996,8.94,88.1,6.16,2023,2,8,39,6,winter,1.3171,2.2272,2.2188,2.5060714285714285,2.567986666666667
2023-02-09,2.406,9.82,76.39,4.25,2023,2,9,40,6,winter,0.996,1.3171,1.5406,2.3313857142857146,2.5258833333333333
2023-02-10,1.2456,10.42,78.83,5.87,2023,2,10,41,6,winter,2.406,0.996,3.4315,2.4550142857142854,2.5297566666666667
2023-02-11,3.6178,10.28,74.19,2.33,2023,2,11,42,6,winter,1.2456,2.406,3.7298,2.1427428571428573,2.48951
2023-02-12,3.6499,9.78,64.63,1.47,2023,2,12,43,6,winter,3.6178,1.2456,3.0775,2.1267428571428573,2.518896666666667
2023-02-13,3.4087,11.11,72.94,2.51,2023,2,13,44,7,winter,3.6499,3.6178,2.2272,2.2085142857142857,2.5725833333333337
2023-02-14,3.8839,10.78,71.43,1.25,2023,2,14,45,7,winter,3.4087,3.6499,1.3171,2.3773000000000004,2.59523
2023-02-15,4.4417,10.1,72.31,1.44,2023,2,15,46,7,winter,3.8839,3.4087,0.996,2.7439857142857145,2.6223099999999997
2023-02-16,3.6787,11.18,78.13,1.9,2023,2,16,47,7,winter,4.4417,3.8839,2.406,3.2362285714285717,2.6696866666666663
2023-02-17,3.6607,11.43,74.45,1.23,2023,2,17,48,7,winter,3.6787,4.4417,1.2456,3.418042857142857,2.730053333333333
2023-02-18,4.0634,12.32,73.94,0.99,2023,2,18,49,7,winter,3.6607,3.6787,3.6178,3.763057142857143,2.7675633333333334
2023-02-19,4.6507,11.95,73.49,1.8,2023,2,19,50,7,winter,4.0634,3.6607,3.6499,3.8267142857142855,2.8321699999999996
2023-02-20,4.6728,13.16,72.62,1.68,2023,2,20,51,8,winter,4.6507,4.0634,3.4087,3.969685714285714,2.9183533333333336
2023-02-21,4.4918,14.08,55.51,1.75,2023,2,21,52,8,winter,4.6728,4.6507,3.8839,4.150271428571428,3.0135933333333336
2023-02-22,3.8594,14.41,67.89,1.42,2023,2,22,53,8,winter,4.4918,4.6728,4.4417,4.237114285714286,3.0722466666666666
2023-02-23,4.1225,14.47,71.2,2.03,2023,2,23,54,8,winter,3.8594,4.4918,3.6787,4.153928571428572,3.0900866666666666
2023-02-24,3.313,17.14,58.92,3.19,2023,2,24,55,8,winter,4.1225,3.8594,3.6607,4.217328571428571,3.1289666666666665
2023-02-25,1.9913,14.48,64.63,4.09,2023,2,25,56,8,winter,3.313,4.1225,4.0634,4.167657142857142,3.167753333333333
2023-02-26,3.9955,12.56,65.93,4.38,2023,2,26,57,8,winter,1.9913,3.313,4.6507,3.871642857142857,3.1394733333333336
2023-02-27,4.6272,12.44,61.73,2.29,2023,2,27,58,9,winter,3.9955,1.9913,4.6728,3.7780428571428573,3.1844333333333332
2023-02-28,3.0394,10.0,64.02,3.62,2023,2,28,59,9,winter,4.6272,3.9955,4.4918,3.771528571428571,3.2381933333333337
2023-03-01,3.7519,10.22,72.98,6.04,2023,3,1,60,9,spring,3.0394,4.6272,3.8594,3.5640428571428573,3.2412033333333334
2023-03-02,3.9874,11.49,66.7,2.73,2023,3,2,61,9,spring,3.7519,3.0394,4.1225,3.548685714285714,3.2635066666666663
2023-03-03,3.9804,9.97,83.56,4.75,2023,3,3,62,9,spring,3.9874,3.7519,3.313,3.529385714285714,3.3032600000000003
2023-03-04,4.061,10.8,83.51,3.75,2023,3,4,63,9,spring,3.9804,3.9874,1.9913,3.6247285714285717,3.36198
2023-03-05,4.6733,11.22,74.58,3.83,2023,3,5,64,9,spring,4.061,3.9804,3.9955,3.9204,3.4459933333333335
2023-03-06,2.1977,9.99,79.18,3.7,2023,3,6,65,10,spring,4.6733,4.061,4.6272,4.017228571428571,3.4873866666666666
2023-03-07,5.0275,13.83,70.65,3.32,2023,3,7,66,10,spring,2.1977,4.6733,3.0394,3.670157142857143,3.436316666666667
2023-03-08,5.2526,15.23,70.08,3.53,2023,3,8,67,10,spring,5.0275,2.1977,3.7519,3.9541714285714287,3.501316666666667
2023-03-09,4.9939,17.19,66.47,2.75,2023,3,9,68,10,spring,5.2526,5.0275,3.9874,4.168557142857144,3.602163333333333
2023-03-10,4.9798,17.0,74.95,5.66,2023,3,10,69,10,spring,4.9939,5.2526,3.9804,4.312342857142857,3.724723333333333
2023-03-11,4.8182,17.0,70.1,7.4,2023,3,11,70,10,spring,4.9798,4.9939,4.061,4.455114285714286,3.8575166666666667
2023-03-12,5.4785,16.47,73.17,6.69,2023,3,12,71,10,spring,4.8182,4.9798,4.6733,4.563285714285715,3.937923333333333
2023-03-13,5.8946,16.28,66.97,2.69,2023,3,13,72,11,spring,5.4785,4.8182,2.1977,4.678314285714285,4.07902
2023-03-14,4.6337,15.67,64.71,5.3,2023,3,14,73,11,spring,5.8946,5.4785,5.0275,5.206442857142856,4.154913333333333
2023-03-15,4.8689,14.35,67.75,7.48,2023,3,15,74,11,spring,4.6337,5.8946,5.2526,5.150185714285714,4.187706666666666
2023-03-16,5.1607,13.54,67.28,3.46,2023,3,16,75,11,spring,4.8689,4.6337,4.9939,5.095371428571428,4.23638
2023-03-17,5.6942,13.57,64.01,3.47,2023,3,17,76,11,spring,5.1607,4.8689,4.9798,5.1192,4.27894
2023-03-18,5.4547,15.68,71.77,2.6,2023,3,18,77,11,spring,5.6942,5.1607,4.8182,5.221257142857143,4.32069
2023-03-19,3.0794,14.57,78.4,2.14,2023,3,19,78,11,spring,5.4547,5.6942,5.4785,5.312185714285714,4.3798900000000005
2023-03-20,3.8201,14.53,77.21,1.92,2023,3,20,79,12,spring,3.0794,5.4547,5.8946,4.969457142857143,4.3605133333333335
2023-03-21,4.8062,13.73,78.06,3.56,2023,3,21,80,12,spring,3.8201,3.0794,4.6337,4.6731,4.352403333333333
2023-03-22,4.6534,13.96,81.01,2.64,2023,3,22,81,12,spring,4.8062,3.8201,4.8689,4.697742857142857,4.357586666666666
2023-03-23,5.7086,14.09,78.18,2.22,2023,3,23,82,12,spring,4.6534,4.8062,5.1607,4.666957142857143,4.35694
2023-03-24,5.9988,16.63,63.59,2.01,2023,3,24,83,12,spring,5.7086,4.6534,5.6942,4.745228571428571,4.3975
2023-03-25,5.9263,17.24,65.67,3.7,2023,3,25,84,12,spring,5.9988,5.7086,5.4547,4.788742857142857,4.468813333333333
2023-03-26,5.849,18.09,55.66,2.96,2023,3,26,85,12,spring,5.9263,5.9988,3.0794,4.856114285714286,4.52894
2023-03-27,6.3785,16.36,67.39,5.9,2023,3,27,86,13,spring,5.849,5.9263,3.8201,5.251771428571429,4.613473333333333
2023-03-28,6.1603,14.46,61.93,4.4,2023,3,28,87,13,spring,6.3785,5.849,4.8062,5.617257142857143,4.759713333333333
2023-03-29,5.8692,15.03,60.6,2.43,2023,3,29,88,13,spring,6.1603,6.3785,4.6534,5.8107,4.831873333333333
2023-03-30,5.976,18.2,50.03,2.63,2023,3,30,89,13,spring,5.8692,6.1603,5.7086,5.984385714285715,4.873273333333334
2023-03-31,5.5704,18.79,52.44,3.13,2023,3,31,90,13,spring,5.976,5.8692,5.9988,6.022585714285715,4.97116
2023-04-01,4.4035,17.08,64.95,3.67,2023,4,1,91,13,spring,5.5704,5.976,5.9263,5.961385714285714,5.0317766666666675
2023-04-02,2.976,13.11,76.32,5.65,2023,4,2,92,13,spring,4.4035,5.5704,5.849,5.743842857142857,5.045646666666666
2023-04-03,4.4318,14.5,75.03,7.46,2023,4,3,93,14,spring,2.976,4.4035,6.3785,5.333414285714285,5.012166666666666
2023-04-04,4.7563,14.62,68.28,3.9,2023,4,4,94,14,spring,4.4318,2.976,6.1603,5.055314285714286,5.0245266666666675
2023-04-05,4.7719,12.3,71.99,4.18,2023,4,5,95,14,spring,4.7563,4.4318,5.8692,4.854742857142858,5.027293333333334
2023-04-06,6.1145,12.93,64.72,2.88,2023,4,6,96,14,spring,4.7719,4.7563,5.976,4.697985714285714,5.1131
2023-04-07,5.7761,13.27,57.0,1.41,2023,4,7,97,14,spring,6.1145,4.7719,5.5704,4.717771428571429,5.149333333333333
2023-04-08,6.0317,14.56,56.4,1.5,2023,4,8,98,14,spring,5.7761,6.1145,4.4035,4.747157142857143,5.166783333333333
2023-04-09,6.5004,14.18,69.1,3.06,2023,4,9,99,14,spring,6.0317,5.7761,2.976,4.979757142857143,5.2013766666666665
2023-04-10,6.0823,14.44,63.22,2.71,2023,4,10,100,15,spring,6.5004,6.0317,4.4318,5.483242857142857,5.252063333333333
2023-04-11,6.2947,15.47,64.65,2.57,2023,4,11,101,15,spring,6.0823,6.5004,4.7563,5.719028571428571,5.2942
2023-04-12,6.3322,18.92,48.68,2.65,2023,4,12,102,15,spring,6.2947,6.0823,4.7719,5.9388000000000005,5.321406666666666
2023-04-13,5.459,17.07,58.1,4.87,2023,4,13,103,15,spring,6.3322,6.2947,6.1145,6.161700000000001,5.335993333333334
2023-04-14,4.9788,16.33,60.07,4.94,2023,4,14,104,15,spring,5.459,6.3322,5.7761,6.068057142857143,5.363503333333333
2023-04-15,5.2339,16.59,63.8,3.66,2023,4,15,105,15,spring,4.9788,5.459,6.0317,5.9541571428571425,5.367166666666667
2023-04-16,5.5834,15.78,67.69,6.49,2023,4,16,106,15,spring,5.2339,4.9788,6.5004,5.840185714285714,5.369606666666667
2023-04-17,6.1625,16.22,62.24,4.71,2023,4,17,107,16,spring,5.5834,5.2339,6.0823,5.709185714285715,5.365913333333333
2023-04-18,6.5851,15.84,67.12,2.11,2023,4,18,108,16,spring,6.1625,5.5834,6.2947,5.720642857142857,5.389506666666666
2023-04-19,6.666,17.45,67.85,2.81,2023,4,19,109,16,spring,6.5851,6.1625,6.3322,5.762128571428571,5.506363333333334
2023-04-20,4.3406,18.51,70.3,3.08,2023,4,20,110,16,spring,6.666,6.5851,5.459,5.8098142857142845,5.601226666666666
2023-04-21,6.0766,17.5,72.17,2.8,2023,4,21,111,16,spring,4.3406,6.666,4.9788,5.650042857142857,5.585706666666667
2023-04-22,7.2456,17.19,64.57,2.19,2023,4,22,112,16,spring,6.0766,4.3406,5.2339,5.806871428571428,5.633146666666667
2023-04-23,6.3984,17.91,63.07,2.31,2023,4,23,113,16,spring,7.2456,6.0766,5.5834,6.094257142857144,5.68438
2023-04-24,6.3737,19.57,63.18,2.25,2023,4,24,114,17,spring,6.3984,7.2456,6.1625,6.210685714285714,5.697699999999999
2023-04-25,5.815,19.44,63.7,2.4,2023,4,25,115,17,spring,6.3737,6.3984,6.5851,6.240857142857142,5.7126133333333335
2023-04-26,6.9516,20.07,62.56,3.38,2023,4,26,116,17,spring,5.815,6.3737,6.666,6.1308428571428575,5.71148
2023-04-27,7.1986,20.24,56.97,2.17,2023,4,27,117,17,spring,6.9516,5.815,4.3406,6.171642857142857,5.730583333333334
2023-04-28,6.593,22.78,50.82,2.9,2023,4,28,118,17,spring,7.1986,6.9516,6.0766,6.579928571428572,5.765193333333333
2023-04-29,6.3394,24.95,45.75,2.31,2023,4,29,119,17,spring,6.593,7.1986,7.2456,6.653700000000001,5.78932
2023-04-30,3.8016,21.46,70.16,4.35,2023,4,30,120,17,spring,6.3394,6.593,6.3984,6.524242857142857,5.801433333333334
2023-05-01,4.8826,19.29,70.67,5.68,2023,5,1,121,18,spring,3.8016,6.3394,6.3737,6.153271428571429,5.742473333333333
2023-05-02,6.4589,18.21,65.6,6.71,2023,5,2,122,18,spring,4.8826,3.8016,5.815,5.940257142857143,5.758443333333334
2023-05-03,6.0876,18.39,71.25,4.38,2023,5,3,123,18,spring,6.4589,4.8826,6.9516,6.032242857142857,5.87454
2023-05-04,7.4179,18.85,73.1,2.7,2023,5,4,124,18,spring,6.0876,6.4589,7.1986,5.908814285714286,5.929733333333333
2023-05-05,6.9958,19.32,62.75,1.92,2023,5,5,125,18,spring,7.4179,6.0876,6.593,5.940142857142858,6.0184533333333325
2023-05-06,7.219,21.33,61.26,3.57,2023,5,6,126,18,spring,6.9958,7.4179,6.3394,5.997685714285715,6.092583333333334
2023-05-07,3.5251,21.97,74.12,2.86,2023,5,7,127,18,spring,7.219,6.9958,3.8016,6.123342857142857,6.1294
2023-05-08,1.3315,19.59,79.0,3.17,2023,5,8,128,19,spring,3.5251,7.219,4.8826,6.083842857142857,6.054366666666667
2023-05-09,3.7222,18.57,79.54,3.58,2023,5,9,129,19,spring,1.3315,3.5251,6.4589,5.576542857142857,5.897693333333334
2023-05-10,5.545,19.61,71.31,4.1,2023,5,10,130,19,spring,3.7222,1.3315,6.0876,5.185585714285714,5.805086666666667
2023-05-11,6.486,19.09,64.31,3.07,2023,5,11,131,19,spring,5.545,3.7222,7.4179,5.108071428571429,5.787176666666667
2023-05-12,5.2133,19.16,75.37,3.57,2023,5,12,132,19,spring,6.486,5.545,6.9958,4.974942857142857,5.7935533333333336
2023-05-13,3.9557,19.4,83.17,2.47,2023,5,13,133,19,spring,5.2133,6.486,7.219,4.7203,5.756256666666667
2023-05-14,3.5585,17.26,75.79,4.55,2023,5,14,134,19,spring,3.9557,5.2133,3.5251,4.2541142857142855,5.706146666666667
2023-05-15,2.053,16.74,79.4,6.14,2023,5,15,135,20,spring,3.5585,3.9557,1.3315,4.258885714285714,5.658803333333333
2023-05-16,6.1409,18.62,67.33,7.51,2023,5,16,136,20,spring,2.053,3.5585,3.7222,4.361957142857142,5.552773333333334
2023-05-17,7.1263,18.38,65.66,4.45,2023,5,17,137,20,spring,6.1409,2.053,5.545,4.707485714285715,5.571356666666667
2023-05-18,5.1583,18.34,68.47,2.58,2023,5,18,138,20,spring,7.1263,6.1409,6.486,4.9333857142857145,5.603483333333333
2023-05-19,3.6228,17.93,81.78,3.54,2023,5,19,139,20,spring,5.1583,7.1263,5.2133,4.743714285714286,5.555923333333333
2023-05-20,3.9833,18.22,82.96,5.58,2023,5,20,140,20,spring,3.6228,5.1583,3.9557,4.5165,5.454483333333333
2023-05-21,5.3158,18.27,78.73,5.69,2023,5,21,141,20,spring,3.9833,3.6228,3.5585,4.520442857142856,5.442573333333333
2023-05-22,5.8423,19.38,78.77,2.73,2023,5,22,142,21,spring,5.3158,3.9833,2.053,4.771485714285714,5.417213333333334
2023-05-23,6.5671,20.39,72.53,3.47,2023,5,23,143,21,spring,5.8423,5.3158,6.1409,5.312814285714286,5.3704366666666665
2023-05-24,5.19,19.49,75.41,3.37,2023,5,24,144,21,spring,6.5671,5.8423,7.1263,5.3736999999999995,5.37606
2023-05-25,3.3451,19.08,75.66,2.32,2023,5,25,145,21,spring,5.19,6.5671,5.1583,5.097085714285714,5.336603333333333
2023-05-26,6.1322,19.26,79.3,2.74,2023,5,26,146,21,spring,3.3451,5.19,3.6228,4.838057142857143,5.254273333333333
2023-05-27,7.9066,21.37,63.31,2.22,2023,5,27,147,21,spring,6.1322,3.3451,3.9833,5.196542857142857,5.22696
2023-05-28,7.7741,22.45,58.67,1.79,2023,5,28,148,21,spring,7.9066,6.1322,5.3158,5.757014285714286,5.250559999999999
2023-05-29,4.1868,20.12,77.59,1.82,2023,5,29,149,22,spring,7.7741,7.9066,5.8423,6.108199999999999,5.28993
2023-05-30,5.1372,19.86,76.59,1.48,2023,5,30,150,22,spring,4.1868,7.7741,6.5671,5.8717,5.2181766666666665
2023-05-31,4.8334,19.77,77.21,2.12,2023,5,31,151,22,spring,5.1372,4.1868,5.19,5.667428571428571,5.262696666666667
2023-06-01,4.9142,20.32,73.47,1.41,2023,6,1,152,22,summer,4.8334,5.1372,3.3451,5.616485714285715,5.261056666666666
2023-06-02,6.5045,21.45,68.08,1.86,2023,6,2,153,22,summer,4.9142,4.8334,6.1322,5.840642857142858,5.209566666666666
2023-06-03,6.737,22.33,66.74,2.37,2023,6,3,154,22,summer,6.5045,4.9142,7.9066,5.893828571428572,5.223463333333333
2023-06-04,4.4369,20.61,81.55,2.68,2023,6,4,155,22,summer,6.737,6.5045,7.7741,5.726742857142857,5.2007666666666665
2023-06-05,4.626,20.51,79.46,2.98,2023,6,5,156,23,summer,4.4369,6.737,4.1868,5.25,5.11547
2023-06-06,3.2647,20.9,76.42,2.55,2023,6,6,157,23,summer,4.626,4.4369,5.1372,5.312742857142857,5.029036666666667
2023-06-07,6.5844,22.55,69.84,2.73,2023,6,7,158,23,summer,3.2647,4.626,4.8334,5.045242857142858,5.020356666666667
2023-06-08,5.5152,24.19,69.68,2.39,2023,6,8,159,23,summer,6.5844,3.2647,4.9142,5.295385714285715,5.195453333333333
2023-06-09,5.4216,23.3,78.68,2.71,2023,6,9,160,23,summer,5.5152,6.5844,6.5045,5.381242857142857,5.25522
2023-06-10,3.3358,23.13,81.26,1.08,2023,6,10,161,23,summer,5.4216,5.5152,6.737,5.226542857142857,5.251106666666667
2023-06-11,7.3805,23.5,73.01,3.59,2023,6,11,162,23,summer,3.3358,5.4216,4.4369,4.740657142857143,5.146100000000001
2023-06-12,8.2459,24.27,67.53,2.51,2023,6,12,163,24,summer,7.3805,3.3358,4.626,5.1611714285714285,5.2183399999999995
2023-06-13,5.0693,24.96,69.38,1.74,2023,6,13,164,24,summer,8.2459,7.3805,3.2647,5.6783,5.361346666666666
2023-06-14,3.3281,22.29,84.43,2.55,2023,6,14,165,24,summer,5.0693,8.2459,6.5844,5.936100000000001,5.411706666666666
2023-06-15,6.5839,23.03,75.8,5.41,2023,6,15,166,24,summer,3.3281,5.0693,5.5152,5.470914285714286,5.454210000000001
2023-06-16,7.6298,23.3,72.48,5.09,2023,6,16,167,24,summer,6.5839,3.3281,5.4216,5.623585714285714,5.468976666666666
2023-06-17,7.6644,23.25,70.15,2.79,2023,6,17,168,24,summer,7.6298,6.5839,3.3358,5.939042857142858,5.48576
2023-06-18,8.0626,25.02,59.7,4.2,2023,6,18,169,24,summer,7.6644,7.6298,7.3805,6.5574142857142865,5.569296666666667
2023-06-19,7.2408,27.22,54.73,5.03,2023,6,19,170,25,summer,8.0626,7.6644,8.2459,6.654857142857144,5.71729
2023-06-20,7.9039,27.8,48.64,5.37,2023,6,20,171,25,summer,7.2408,8.0626,5.0693,6.511271428571429,5.825873333333334
2023-06-21,7.9241,28.14,43.7,5.18,2023,6,21,172,25,summer,7.9039,7.2408,3.3281,6.916214285714285,5.912143333333333
2023-06-22,8.1403,29.33,44.13,2.97,2023,6,22,173,25,summer,7.9241,7.9039,6.5839,7.572785714285715,5.981536666666667
2023-06-23,7.6428,27.1,60.51,3.98,2023,6,23,174,25,summer,8.1403,7.9241,7.6298,7.795128571428571,6.033976666666667
2023-06-24,7.1251,25.68,65.79,4.34,2023,6,24,175,25,summer,7.6428,8.1403,7.6644,7.7969857142857135,6.115736666666666
2023-06-25,7.7983,25.04,69.05,3.39,2023,6,25,176,25,summer,7.1251,7.6428,8.0626,7.719942857142857,6.241736666666667
2023-06-26,8.0686,26.23,63.2,3.6,2023,6,26,177,26,summer,7.7983,7.1251,7.2408,7.682185714285715,6.297273333333334
2023-06-27,7.8986,26.93,67.93,3.81,2023,6,27,178,26,summer,8.0686,7.7983,7.9039,7.800442857142857,6.302673333333333
2023-06-28,7.675,26.88,60.57,3.29,2023,6,28,179,26,summer,7.8986,8.0686,7.9241,7.799685714285715,6.306823333333333
2023-06-29,6.5962,27.01,57.73,1.68,2023,6,29,180,26,summer,7.675,7.8986,8.1403,7.7641,6.423096666666666
2023-06-30,6.3991,27.4,65.44,2.11,2023,6,30,181,26,summer,6.5962,7.675,7.6428,7.543514285714285,6.47173
2023-07-01,7.0068,25.31,66.82,5.28,2023,7,1,182,26,summer,6.3991,6.5962,7.1251,7.365842857142858,6.52392
2023-07-02,7.6298,25.54,63.91,5.62,2023,7,2,183,26,summer,7.0068,6.3991,7.7983,7.348942857142857,6.593673333333333
2023-07-03,7.9649,26.25,60.58,3.87,2023,7,3,184,27,summer,7.6298,7.0068,8.0686,7.324871428571429,6.631183333333333
2023-07-04,8.1149,26.36,61.64,2.97,2023,7,4,185,27,summer,7.9649,7.6298,7.8986,7.310057142857143,6.672113333333333
2023-07-05,7.7969,27.79,53.97,1.9,2023,7,5,186,27,summer,8.1149,7.9649,7.675,7.3409571428571425,6.794713333333333
2023-07-06,7.6615,30.51,47.2,3.36,2023,7,6,187,27,summer,7.7969,8.1149,6.5962,7.358371428571429,6.900409999999999
2023-07-07,6.9698,33.14,44.96,4.31,2023,7,7,188,27,summer,7.6615,7.7969,6.3991,7.510557142857143,7.04697
2023-07-08,6.5374,33.41,41.85,2.63,2023,7,8,189,27,summer,6.9698,7.6615,7.0068,7.592085714285714,7.059816666666666
2023-07-09,6.888,32.41,48.18,2.39,2023,7,9,190,27,summer,6.5374,6.9698,7.6298,7.525028571428572,7.09389
2023-07-10,7.0639,30.58,52.65,2.59,2023,7,10,191,28,summer,6.888,6.5374,7.9649,7.419057142857143,7.14277
2023-07-11,7.6046,32.54,50.34,2.11,2023,7,11,192,28,summer,7.0639,6.888,8.1149,7.290342857142856,7.26704
2023-07-12,7.89,33.87,39.12,4.16,2023,7,12,193,28,summer,7.6046,7.0639,7.7969,7.217442857142857,7.27451
2023-07-13,7.542,33.43,38.38,3.55,2023,7,13,194,28,summer,7.89,7.6046,7.6615,7.230742857142857,7.262646666666667
2023-07-14,7.4822,32.15,50.21,1.61,2023,7,14,195,28,summer,7.542,7.89,6.9698,7.213671428571429,7.345070000000001
2023-07-15,7.7904,33.84,35.68,2.47,2023,7,15,196,28,summer,7.4822,7.542,6.5374,7.286871428571429,7.4835400000000005
2023-07-16,7.2696,33.57,40.8,2.74,2023,7,16,197,28,summer,7.7904,7.4822,6.888,7.465871428571428,7.523756666666666
2023-07-17,7.5425,32.85,56.09,1.78,2023,7,17,198,29,summer,7.2696,7.7904,7.0639,7.520385714285714,7.511750000000001
2023-07-18,7.3392,33.51,44.08,1.85,2023,7,18,199,29,summer,7.5425,7.2696,7.6046,7.588757142857143,7.507686666666667
2023-07-19,7.2674,35.44,35.34,1.52,2023,7,19,200,29,summer,7.3392,7.5425,7.89,7.5508428571428565,7.483573333333334
2023-07-20,7.3788,32.93,47.16,3.07,2023,7,20,201,29,summer,7.2674,7.3392,7.542,7.4619,7.4844599999999994
2023-07-21,7.3116,34.98,37.98,2.53,2023,7,21,202,29,summer,7.3788,7.2674,7.4822,7.438585714285715,7.4669566666666665
2023-07-22,7.1753,34.42,49.83,2.2,2023,7,22,203,29,summer,7.3116,7.3788,7.7904,7.414214285714286,7.44654
2023-07-23,7.5,36.66,37.83,2.85,2023,7,23,204,29,summer,7.1753,7.3116,7.2696,7.326342857142857,7.414373333333333
2023-07-24,7.603,38.47,19.32,4.3,2023,7,24,205,30,summer,7.5,7.1753,7.5425,7.359257142857143,7.409613333333334
2023-07-25,6.2868,33.65,34.9,5.88,2023,7,25,206,30,summer,7.603,7.5,7.3392,7.3679,7.425543333333334
2023-07-26,7.0476,28.3,53.29,5.68,2023,7,26,207,30,summer,6.2868,7.603,7.2674,7.217557142857143,7.375159999999999
2023-07-27,7.4566,27.79,51.81,4.51,2023,7,27,208,30,summer,7.0476,6.2868,7.3788,7.186157142857143,7.341126666666667
2023-07-28,6.7637,31.61,54.41,3.77,2023,7,28,209,30,summer,7.4566,7.0476,7.3116,7.197271428571428,7.326393333333333
2023-07-29,6.6079,31.66,58.22,2.79,2023,7,29,210,30,summer,6.7637,7.4566,7.1753,7.119,7.2960166666666675
2023-07-30,6.9214,30.35,59.53,2.41,2023,7,30,211,30,summer,6.6079,6.7637,7.5,7.037942857142857,7.296406666666667
2023-07-31,7.4837,29.56,59.89,4.08,2023,7,31,212,31,summer,6.9214,6.6079,7.603,6.955285714285714,7.313816666666667
2023-08-01,7.3262,28.85,57.21,4.71,2023,8,1,213,31,summer,7.4837,6.9214,6.2868,6.938242857142858,7.329713333333333
2023-08-02,6.9838,29.25,56.39,2.71,2023,8,2,214,31,summer,7.3262,7.4837,7.0476,7.086728571428572,7.319593333333334
2023-08-03,7.2175,31.77,48.4,1.92,2023,8,3,215,31,summer,6.9838,7.3262,7.4566,7.077614285714285,7.2868900000000005
2023-08-04,5.125,28.13,60.77,4.85,2023,8,4,216,31,summer,7.2175,6.9838,6.7637,7.043457142857143,7.2569766666666675
2023-08-05,6.895,25.72,54.42,8.36,2023,8,5,217,31,summer,5.125,7.2175,6.6079,6.809357142857143,7.167913333333334
2023-08-06,6.6672,26.38,54.65,6.73,2023,8,6,218,31,summer,6.895,5.125,6.9214,6.850371428571429,7.142363333333333
2023-08-07,6.8731,25.28,54.44,6.41,2023,8,7,219,32,summer,6.6672,6.895,7.4837,6.814057142857142,7.132276666666667
2023-08-08,7.3661,24.84,52.11,3.25,2023,8,8,220,32,summer,6.8731,6.6672,7.3262,6.7268285714285705,7.143466666666667
2023-08-09,7.5547,25.51,48.99,2.52,2023,8,9,221,32,summer,7.3661,6.8731,6.9838,6.732528571428571,7.159403333333334
2023-08-10,7.183,26.31,60.83,2.96,2023,8,10,222,32,summer,7.5547,7.3661,7.2175,6.8140857142857145,7.175763333333333
2023-08-11,6.7006,27.89,55.06,2.48,2023,8,11,223,32,summer,7.183,7.5547,5.125,6.809157142857144,7.16171
2023-08-12,6.911,27.67,57.83,2.35,2023,8,12,224,32,summer,6.7006,7.183,6.895,7.034242857142857,7.122063333333333
2023-08-13,6.6115,27.55,54.63,2.29,2023,8,13,225,32,summer,6.911,6.7006,6.6672,7.036528571428571,7.10103
2023-08-14,7.2161,27.98,49.7,2.77,2023,8,14,226,33,summer,6.6115,6.911,6.8731,7.028571428571428,7.072006666666667
2023-08-15,6.7078,29.07,55.43,3.54,2023,8,15,227,33,summer,7.2161,6.6115,7.3661,7.07757142857143,7.052863333333334
2023-08-16,6.9852,28.84,52.84,2.82,2023,8,16,228,33,summer,6.7078,7.2161,7.5547,6.983528571428572,7.034136666666666
2023-08-17,6.7116,29.72,47.0,2.78,2023,8,17,229,33,summer,6.9852,6.7078,7.183,6.902171428571428,7.01556
2023-08-18,6.3122,31.92,38.28,2.02,2023,8,18,230,33,summer,6.7116,6.9852,6.7006,6.834828571428571,6.99464
2023-08-19,6.0168,29.27,60.16,2.64,2023,8,19,231,33,summer,6.3122,6.7116,6.911,6.779342857142857,6.9628000000000005
2023-08-20,6.0574,28.5,67.37,3.59,2023,8,20,232,33,summer,6.0168,6.3122,6.6115,6.6516,6.9174
2023-08-21,5.7607,28.98,69.02,3.1,2023,8,21,233,34,summer,6.0574,6.0168,7.2161,6.572442857142858,6.875593333333333
2023-08-22,5.7389,28.98,69.71,2.91,2023,8,22,234,34,summer,5.7607,6.0574,6.7078,6.364528571428571,6.8284400000000005
2023-08-23,5.5886,29.27,66.61,2.73,2023,8,23,235,34,summer,5.7389,5.7607,6.9852,6.226114285714286,6.769736666666668
2023-08-24,5.2699,30.06,53.64,2.06,2023,8,24,236,34,summer,5.5886,5.7389,6.7116,6.0266,6.70259
2023-08-25,5.7821,31.47,45.78,3.32,2023,8,25,237,34,summer,5.2699,5.5886,6.3122,5.8206428571428575,6.668693333333334
2023-08-26,6.0943,31.28,48.89,2.57,2023,8,26,238,34,summer,5.7821,5.2699,6.0168,5.744914285714286,6.62651
2023-08-27,5.8903,33.41,43.89,3.55,2023,8,27,239,34,summer,6.0943,5.7821,6.0574,5.755985714285714,6.5811
2023-08-28,4.5924,26.25,54.26,7.21,2023,8,28,240,35,summer,5.8903,6.0943,5.7607,5.732114285714286,6.551986666666666
2023-08-29,6.0182,25.8,56.82,5.27,2023,8,29,241,35,summer,4.5924,5.8903,5.7389,5.565214285714285,6.484803333333333
2023-08-30,5.5409,26.18,54.73,2.03,2023,8,30,242,35,summer,6.0182,4.5924,5.5886,5.6051142857142855,6.454696666666666
2023-08-31,5.274,25.52,55.68,2.45,2023,8,31,243,35,summer,5.5409,6.0182,5.2699,5.5983,6.389936666666666
2023-09-01,6.6936,26.19,48.47,2.61,2023,9,1,244,35,autumn,5.274,5.5409,5.7821,5.598885714285714,6.321529999999999
2023-09-02,5.7886,27.73,56.1,4.91,2023,9,2,245,35,autumn,6.6936,5.274,6.0943,5.7291,6.3118566666666664
2023-09-03,5.1797,28.26,60.16,4.13,2023,9,3,246,35,autumn,5.7886,6.6936,5.8903,5.685428571428572,6.264226666666667
2023-09-04,5.8092,26.56,66.82,3.54,2023,9,4,247,36,autumn,5.1797,5.7886,4.5924,5.583914285714285,6.266049999999999
2023-09-05,5.8987,25.43,63.24,3.83,2023,9,5,248,36,autumn,5.8092,5.1797,6.0182,5.7577428571428575,6.229856666666667
2023-09-06,5.6705,25.31,63.42,3.93,2023,9,6,249,36,autumn,5.8987,5.8092,5.5409,5.740671428571429,6.2042399999999995
2023-09-07,5.0345,25.25,63.0,3.94,2023,9,7,250,36,autumn,5.6705,5.8987,5.274,5.759185714285714,6.164153333333333
2023-09-08,5.4761,25.65,64.75,3.12,2023,9,8,251,36,autumn,5.0345,5.6705,6.6936,5.724971428571428,6.086433333333333
2023-09-09,5.4302,25.5,65.99,2.64,2023,9,9,252,36,autumn,5.4761,5.0345,5.7886,5.551042857142858,6.017146666666666
2023-09-10,5.5361,26.3,62.82,2.1,2023,9,10,253,36,autumn,5.4302,5.4761,5.1797,5.499842857142857,5.95872
2023-09-11,6.299,26.31,63.04,1.93,2023,9,11,254,37,autumn,5.5361,5.4302,5.8092,5.550757142857143,5.919903333333333
2023-09-12,6.1373,27.19,57.36,3.13,2023,9,12,255,37,autumn,6.299,5.5361,5.8987,5.620728571428571,5.899503333333333
2023-09-13,5.7559,28.8,53.91,2.57,2023,9,13,256,37,autumn,6.1373,6.299,5.6705,5.654814285714286,5.883696666666666
2023-09-14,5.3582,29.27,50.38,2.18,2023,9,14,257,37,autumn,5.7559,6.1373,5.0345,5.667014285714286,5.835023333333334
2023-09-15,5.3714,29.72,48.39,3.82,2023,9,15,258,37,autumn,5.3582,5.7559,5.4761,5.7132571428571435,5.7900366666666665
2023-09-16,4.8185,30.64,46.9,4.18,2023,9,16,259,37,autumn,5.3714,5.3582,5.4302,5.698300000000001,5.736243333333333
2023-09-17,5.0698,31.37,41.07,4.48,2023,9,17,260,37,autumn,4.8185,5.3714,5.5361,5.610914285714286,5.67314
2023-09-18,4.7446,30.14,47.02,4.16,2023,9,18,261,38,autumn,5.0698,4.8185,6.299,5.544300000000001,5.631726666666666
2023-09-19,4.7741,30.59,46.6,1.54,2023,9,19,262,38,autumn,4.7446,5.0698,6.1373,5.322242857142858,5.58932
2023-09-20,3.6247,30.15,53.29,2.2,2023,9,20,263,38,autumn,4.7741,4.7446,5.7559,5.1274999999999995,5.546543333333333
2023-09-21,5.3275,29.7,45.76,2.47,2023,9,21,264,38,autumn,3.6247,4.7741,5.3582,4.823042857142858,5.475343333333333
2023-09-22,5.2267,28.61,62.19,2.45,2023,9,22,265,38,autumn,5.3275,3.6247,5.3714,4.818657142857142,5.4616299999999995
2023-09-23,4.1527,24.65,64.31,6.06,2023,9,23,266,38,autumn,5.2267,5.3275,4.8185,4.797985714285715,5.449566666666667
2023-09-24,4.9836,23.43,54.95,5.66,2023,9,24,267,38,autumn,4.1527,5.2267,5.0698,4.702871428571428,5.412326666666667
2023-09-25,5.0477,22.6,59.27,3.76,2023,9,25,268,39,autumn,4.9836,4.1527,4.7446,4.690557142857143,5.38571
2023-09-26,4.1369,23.37,62.84,4.55,2023,9,26,269,39,autumn,5.0477,4.9836,4.7741,4.7338571428571425,5.3508233333333335
2023-09-27,5.1298,24.22,66.94,3.91,2023,9,27,270,39,autumn,4.1369,5.0477,3.6247,4.642828571428572,5.292376666666667
2023-09-28,4.7112,23.87,68.71,3.48,2023,9,28,271,39,autumn,5.1298,4.1369,5.3275,4.857842857142857,5.31029
2023-09-29,4.705,23.75,68.96,2.74,2023,9,29,272,39,autumn,4.7112,5.1298,5.2267,4.769799999999999,5.266723333333333
2023-09-30,4.6015,23.82,69.98,2.45,2023,9,30,273,39,autumn,4.705,4.7112,4.1527,4.695271428571429,5.238860000000001
2023-10-01,4.4861,24.0,72.47,2.25,2023,10,1,274,39,autumn,4.6015,4.705,4.9836,4.759385714285714,5.216443333333333
2023-10-02,5.0282,23.72,67.55,1.94,2023,10,2,275,40,autumn,4.4861,4.6015,5.0477,4.688314285714285,5.14286
2023-10-03,4.5718,23.99,64.51,1.81,2023,10,3,276,40,autumn,5.0282,4.4861,4.1369,4.685528571428572,5.117513333333334
2023-10-04,5.1586,24.61,58.83,1.88,2023,10,4,277,40,autumn,4.5718,5.0282,5.1298,4.747657142857143,5.097250000000001
2023-10-05,4.613,23.77,71.07,3.79,2023,10,5,278,40,autumn,5.1586,4.5718,4.7112,4.751771428571429,5.075563333333333
2023-10-06,4.3987,22.91,71.82,2.8,2023,10,6,279,40,autumn,4.613,5.1586,4.705,4.737742857142857,5.032706666666667
2023-10-07,4.1832,22.74,69.29,1.88,2023,10,7,280,40,autumn,4.3987,4.613,4.6015,4.693985714285715,4.990313333333334
2023-10-08,4.1412,23.24,67.69,2.03,2023,10,8,281,40,autumn,4.1832,4.3987,4.4861,4.634228571428571,4.961936666666667
2023-10-09,4.4364,23.1,71.89,1.85,2023,10,9,282,41,autumn,4.1412,4.1832,5.0282,4.584957142857143,4.91744
2023-10-10,4.3423,23.61,63.35,1.49,2023,10,10,283,41,autumn,4.4364,4.1412,4.5718,4.500414285714286,4.884313333333334
2023-10-11,4.4582,24.43,53.85,1.45,2023,10,11,284,41,autumn,4.3423,4.4364,5.1586,4.4676285714285715,4.84452
2023-10-12,4.8372,24.41,50.53,1.6,2023,10,12,285,41,autumn,4.4582,4.3423,4.613,4.367571428571429,4.78316
2023-10-13,4.7794,24.75,44.84,1.65,2023,10,13,286,41,autumn,4.8372,4.4582,4.3987,4.3996,4.739823333333333
2023-10-14,4.6752,25.29,35.99,1.54,2023,10,14,287,41,autumn,4.7794,4.8372,4.1832,4.453985714285714,4.707273333333333
2023-10-15,4.2528,24.74,52.54,3.14,2023,10,15,288,41,autumn,4.6752,4.7794,4.1412,4.524271428571429,4.684506666666667
2023-10-16,4.1971,25.54,51.48,1.97,2023,10,16,289,42,autumn,4.2528,4.6752,4.4364,4.540214285714286,4.64722
2023-10-17,3.7363,25.8,42.08,2.39,2023,10,17,290,42,autumn,4.1971,4.2528,4.3423,4.506028571428572,4.626506666666667
2023-10-18,3.8498,27.59,31.55,2.25,2023,10,18,291,42,autumn,3.7363,4.1971,4.4582,4.4194571428571425,4.582056666666667
2023-10-19,4.1974,27.12,35.25,2.57,2023,10,19,292,42,autumn,3.8498,3.7363,4.8372,4.332542857142857,4.55223
2023-10-20,2.4665,25.74,44.57,5.3,2023,10,20,293,42,autumn,4.1974,3.8498,4.7794,4.241142857142857,4.533006666666667
2023-10-21,3.8959,22.51,59.53,4.26,2023,10,21,294,42,autumn,2.4665,4.1974,4.6752,3.9107285714285713,4.4944
2023-10-22,3.3319,23.19,56.91,3.86,2023,10,22,295,42,autumn,3.8959,2.4665,4.2528,3.7993999999999994,4.44668
2023-10-23,3.8856,25.24,68.77,3.61,2023,10,23,296,43,autumn,3.3319,3.8959,4.1971,3.667842857142857,4.383520000000001
2023-10-24,2.8814,24.16,65.21,3.21,2023,10,24,297,43,autumn,3.8856,3.3319,3.7363,3.6233428571428568,4.374616666666666
2023-10-25,2.8476,22.47,66.29,3.36,2023,10,25,298,43,autumn,2.8814,3.8856,3.8498,3.5012142857142856,4.304543333333333
2023-10-26,3.6557,22.63,69.37,3.87,2023,10,26,299,43,autumn,2.8476,2.8814,4.1974,3.3580428571428578,4.231206666666667
2023-10-27,3.93,22.65,69.98,4.05,2023,10,27,300,43,autumn,3.6557,2.8476,2.4665,3.280657142857143,4.215166666666667
2023-10-28,3.2407,23.34,71.78,2.82,2023,10,28,301,43,autumn,3.93,3.6557,3.8959,3.4897285714285715,4.175173333333333
2023-10-29,2.4518,25.14,57.62,5.04,2023,10,29,302,43,autumn,3.2407,3.93,3.3319,3.396128571428572,4.126156666666667
2023-10-30,2.4343,25.9,58.18,5.68,2023,10,30,303,44,autumn,2.4518,3.2407,3.8856,3.2704,4.05105
2023-10-31,3.4286,22.33,72.46,3.19,2023,10,31,304,44,autumn,2.4343,2.4518,2.8814,3.063071428571429,3.97881
2023-11-01,1.5374,21.45,73.72,3.72,2023,11,1,305,44,autumn,3.4286,2.4343,2.8476,3.141242857142857,3.9435599999999997
2023-11-02,3.623,22.92,60.92,3.17,2023,11,2,306,44,autumn,1.5374,3.4286,3.6557,2.954071428571429,3.8272
2023-11-03,2.3606,21.59,54.41,6.96,2023,11,3,307,44,autumn,3.623,1.5374,3.93,2.9494,3.795573333333334
2023-11-04,3.348,19.74,54.7,4.43,2023,11,4,308,44,autumn,2.3606,3.623,3.2407,2.7252,3.7023066666666664
2023-11-05,3.6833,20.35,61.88,4.49,2023,11,5,309,44,autumn,3.348,2.3606,2.4518,2.740528571428572,3.6601399999999997
2023-11-06,3.1858,20.64,72.6,2.61,2023,11,6,310,45,autumn,3.6833,3.348,2.4343,2.9164571428571433,3.636293333333333
2023-11-07,2.6726,19.95,81.15,2.95,2023,11,7,311,45,autumn,3.1858,3.6833,3.4286,3.0238142857142862,3.6030466666666663
2023-11-08,3.0758,18.01,66.91,3.91,2023,11,8,312,45,autumn,2.6726,3.1858,1.5374,2.915814285714286,3.5540933333333333
2023-11-09,2.3954,17.85,63.63,2.29,2023,11,9,313,45,autumn,3.0758,2.6726,3.623,3.1355857142857144,3.5087400000000004
2023-11-10,2.1583,18.12,71.39,3.53,2023,11,10,314,45,autumn,2.3954,3.0758,2.3606,2.9602142857142857,3.443843333333333
2023-11-11,3.1522,19.87,67.37,4.13,2023,11,11,315,45,autumn,2.1583,2.3954,3.348,2.931314285714286,3.36718
2023-11-12,3.0305,20.24,75.32,5.15,2023,11,12,316,45,autumn,3.1522,2.1583,3.6833,2.903342857142857,3.3110133333333334
2023-11-13,3.4176,19.61,80.45,3.33,2023,11,13,317,46,autumn,3.0305,3.1522,3.1858,2.8100857142857145,3.2527166666666667
2023-11-14,3.594,19.34,75.06,2.36,2023,11,14,318,46,autumn,3.4176,3.0305,2.6726,2.8432,3.2107966666666665
2023-11-15,3.4505,19.17,80.21,4.3,2023,11,15,319,46,autumn,3.594,3.4176,3.0758,2.974828571428571,3.1888366666666665
2023-11-16,3.3127,18.99,72.07,2.98,2023,11,16,320,46,autumn,3.4505,3.594,2.3954,3.0283571428571427,3.16395
2023-11-17,3.1025,18.67,82.14,4.09,2023,11,17,321,46,autumn,3.3127,3.4505,2.1583,3.1594,3.14983
2023-11-18,2.7384,17.65,67.23,5.04,2023,11,18,322,46,autumn,3.1025,3.3127,3.1522,3.294285714285714,3.12492
2023-11-19,3.0353,17.38,74.16,2.04,2023,11,19,323,46,autumn,2.7384,3.1025,3.0305,3.235171428571429,3.076286666666667
2023-11-20,3.4049,18.5,59.95,1.88,2023,11,20,324,47,autumn,3.0353,2.7384,3.4176,3.2358571428571428,3.0952466666666667
2023-11-21,2.7773,17.95,79.71,4.74,2023,11,21,325,47,autumn,3.4049,3.0353,3.594,3.2340428571428568,3.07888
2023-11-22,1.8624,15.74,71.47,4.14,2023,11,22,326,47,autumn,2.7773,3.4049,3.4505,3.1173714285714285,3.060393333333333
2023-11-23,1.5547,16.44,81.49,4.63,2023,11,23,327,47,autumn,1.8624,2.7773,3.3127,2.8905,2.9929533333333334
2023-11-24,2.2598,15.26,78.14,2.71,2023,11,24,328,47,autumn,1.5547,1.8624,3.1025,2.639357142857143,2.94873
2023-11-25,2.6695,16.3,59.37,9.41,2023,11,25,329,47,autumn,2.2598,1.5547,2.7384,2.5189714285714286,2.9291366666666665
2023-11-26,2.6722,14.53,64.4,4.32,2023,11,26,330,47,autumn,2.6695,2.2598,3.0353,2.5091285714285716,2.896263333333333
2023-11-27,2.8716,13.7,68.0,1.97,2023,11,27,331,48,autumn,2.6722,2.6695,3.4049,2.457257142857143,2.8543366666666667
2023-11-28,2.4259,16.21,77.71,5.43,2023,11,28,332,48,autumn,2.8716,2.6722,2.7773,2.3810714285714285,2.8420333333333336
2023-11-29,1.973,16.49,81.01,3.12,2023,11,29,333,48,autumn,2.4259,2.8716,1.8624,2.3308714285714283,2.84117
2023-11-30,2.7809,17.66,62.75,3.35,2023,11,30,334,48,autumn,1.973,2.4259,1.5547,2.3466714285714287,2.825793333333334
2023-12-01,1.8242,16.79,51.01,3.83,2023,12,1,335,48,winter,2.7809,1.973,2.2598,2.521842857142857,2.8042033333333336
2023-12-02,1.6387,16.32,59.82,5.16,2023,12,2,336,48,winter,1.8242,2.7809,2.6695,2.4596142857142858,2.813763333333333
2023-12-03,2.5702,14.63,67.78,4.56,2023,12,3,337,48,winter,1.6387,1.8242,2.6722,2.3123571428571426,2.7476199999999995
2023-12-04,2.9124,14.31,65.11,2.82,2023,12,4,338,49,winter,2.5702,1.6387,2.8716,2.297785714285714,2.7546066666666666
2023-12-05,1.7114,14.69,72.98,5.11,2023,12,5,339,49,winter,2.9124,2.5702,2.4259,2.3036142857142856,2.740086666666667
2023-12-06,0.9574,13.16,76.86,1.4,2023,12,6,340,49,winter,1.7114,2.9124,1.973,2.201542857142857,2.6743566666666667
2023-12-07,2.1823,13.32,79.05,3.23,2023,12,7,341,49,winter,0.9574,1.7114,2.7809,2.0564571428571425,2.600076666666667
2023-12-08,1.4057,12.43,82.75,4.02,2023,12,8,342,49,winter,2.1823,0.9574,1.8242,1.9709428571428573,2.5837333333333334
2023-12-09,2.1943,15.13,80.89,5.53,2023,12,9,343,49,winter,1.4057,2.1823,1.6387,1.9111571428571428,2.5280633333333333
2023-12-10,2.8164,15.83,82.09,6.0,2023,12,10,344,49,winter,2.1943,1.4057,2.5702,1.9905285714285714,2.52136
2023-12-11,2.7163,16.66,85.9,3.08,2023,12,11,345,50,winter,2.8164,2.1943,2.9124,2.0257,2.543296666666667
2023-12-12,2.8126,16.75,71.9,2.47,2023,12,12,346,50,winter,2.7163,2.8164,1.7114,1.9976857142857143,2.528766666666667
2023-12-13,2.3213,16.8,71.0,3.26,2023,12,13,347,50,winter,2.8126,2.7163,0.9574,2.1550000000000002,2.5215033333333334
2023-12-14,1.2914,14.57,80.57,5.18,2023,12,14,348,50,winter,2.3213,2.8126,2.1823,2.3498428571428573,2.48496
2023-12-15,2.1708,14.32,73.12,6.67,2023,12,15,349,50,winter,1.2914,2.3213,1.4057,2.2225714285714284,2.4082066666666666
2023-12-16,1.819,13.21,71.94,4.42,2023,12,16,350,50,winter,2.1708,1.2914,2.1943,2.3318714285714286,2.36555
2023-12-17,1.715,13.45,75.16,3.64,2023,12,17,351,50,winter,1.819,2.1708,2.8164,2.278257142857143,2.3157599999999996
2023-12-18,1.4633,14.14,92.26,4.29,2023,12,18,352,51,winter,1.715,1.819,2.7163,2.120914285714286,2.26951
2023-12-19,1.8007,13.8,86.1,2.71,2023,12,19,353,51,winter,1.4633,1.715,2.8126,1.9419142857142855,2.227006666666667
2023-12-20,2.5373,13.73,79.12,5.16,2023,12,20,354,51,winter,1.8007,1.4633,2.3213,1.7973571428571429,2.185853333333333
2023-12-21,1.3774,14.32,76.44,7.38,2023,12,21,355,51,winter,2.5373,1.8007,1.2914,1.8282142857142858,2.1569333333333334
2023-12-22,1.9519,15.29,78.53,9.57,2023,12,22,356,51,winter,1.3774,2.5373,2.1708,1.8405,2.1102700000000003
2023-12-23,2.6378,15.08,75.35,8.77,2023,12,23,357,51,winter,1.9519,1.3774,1.819,1.8092285714285714,2.1132533333333337
2023-12-24,2.8018,14.29,83.85,4.95,2023,12,24,358,51,winter,2.6378,1.9519,1.715,1.9262000000000001,2.149356666666667
2023-12-25,2.7845,13.49,85.11,3.02,2023,12,25,359,52,winter,2.8018,2.6378,1.4633,2.081457142857143,2.1674233333333333
2023-12-26,2.8841,12.12,85.42,1.69,2023,12,26,360,52,winter,2.7845,2.8018,1.8007,2.2702,2.1712566666666664
2023-12-27,2.1646,12.17,83.47,1.57,2023,12,27,361,52,winter,2.8841,2.7845,2.5373,2.4249714285714288,2.17832
2023-12-28,2.6846,12.12,79.21,2.74,2023,12,28,362,52,winter,2.1646,2.8841,1.3774,2.3717285714285716,2.1547533333333333
2023-12-29,2.5908,12.8,84.26,1.65,2023,12,29,363,52,winter,2.6846,2.1646,1.9519,2.558471428571429,2.1633766666666663
2023-12-30,1.6486,12.21,86.33,1.61,2023,12,30,364,52,winter,2.5908,2.6846,2.6378,2.6497428571428574,2.18397
2023-12-31,2.6412,12.82,89.97,1.85,2023,12,31,365,52,winter,1.6486,2.5908,2.8018,2.5084285714285715,2.1462266666666667
2024-01-01,2.2829,13.04,75.25,1.86,2024,1,1,1,1,winter,2.6412,1.6486,2.7845,2.4854857142857143,2.17346
2024-01-02,2.634,12.87,86.04,2.6,2024,1,2,2,1,winter,2.2829,2.6412,2.8841,2.413828571428571,2.194933333333333
2024-01-03,2.6815,12.25,75.53,2.87,2024,1,3,3,1,winter,2.634,2.2829,2.1646,2.3781,2.19706
2024-01-04,2.8718,13.43,76.99,2.9,2024,1,4,4,1,winter,2.6815,2.634,2.6846,2.4519428571428574,2.1893633333333336
2024-01-05,2.4365,13.19,70.53,1.71,2024,1,5,5,1,winter,2.8718,2.6815,2.5908,2.478685714285714,2.2280433333333334
2024-01-06,1.3469,11.58,81.75,7.12,2024,1,6,6,1,winter,2.4365,2.8718,1.6486,2.456642857142857,2.2773466666666664
2024-01-07,2.0148,11.47,71.79,6.86,2024,1,7,7,1,winter,1.3469,2.4365,2.6412,2.413542857142857,2.2495
2024-01-08,2.2106,10.51,73.12,7.33,2024,1,8,8,2,winter,2.0148,1.3469,2.2829,2.324057142857143,2.2698033333333334
2024-01-09,2.5603,10.59,68.12,4.68,2024,1,9,9,2,winter,2.2106,2.0148,2.634,2.313728571428572,2.2703466666666667
2024-01-10,1.0308,8.92,77.89,3.1,2024,1,10,10,2,winter,2.5603,2.2106,2.6815,2.3032,2.26181
2024-01-11,2.028,11.23,89.34,3.62,2024,1,11,11,2,winter,1.0308,2.5603,2.8718,2.0673857142857144,2.205626666666667
2024-01-12,1.9591,12.61,83.07,5.17,2024,1,12,12,2,winter,2.028,1.0308,2.4365,1.946842857142857,2.1794733333333336
2024-01-13,2.9868,11.47,80.01,3.37,2024,1,13,13,2,winter,1.9591,2.028,1.3469,1.8786428571428573,2.1674
2024-01-14,2.8848,10.46,79.47,2.59,2024,1,14,14,2,winter,2.9868,1.9591,2.0148,2.1129142857142855,2.2239133333333334
2024-01-15,2.9443,13.88,74.44,4.99,2024,1,15,15,3,winter,2.8848,2.9868,2.2106,2.2372,2.247713333333333
2024-01-16,2.9585,15.06,81.35,3.82,2024,1,16,16,3,winter,2.9443,2.8848,2.5603,2.342014285714286,2.285223333333333
2024-01-17,2.9621,15.94,67.57,3.15,2024,1,17,17,3,winter,2.9585,2.9443,1.0308,2.3989000000000003,2.3266733333333334
2024-01-18,3.1692,15.16,70.17,3.47,2024,1,18,18,3,winter,2.9621,2.9585,2.028,2.6748,2.3766333333333334
2024-01-19,1.8497,14.3,79.31,1.87,2024,1,19,19,3,winter,3.1692,2.9621,1.9591,2.8378285714285716,2.4222499999999996
2024-01-20,1.8173,13.68,89.57,3.43,2024,1,20,20,3,winter,1.8497,3.1692,2.9868,2.8222,2.39933
2024-01-21,1.8326,10.05,71.79,3.6,2024,1,21,21,3,winter,1.8173,1.8497,2.8848,2.655128571428571,2.413993333333333
2024-01-22,1.9402,9.85,75.58,2.71,2024,1,22,22,4,winter,1.8326,1.8173,2.9443,2.5048142857142857,2.4100166666666665
2024-01-23,2.4876,12.66,78.27,5.77,2024,1,23,23,4,winter,1.9402,1.8326,2.9585,2.3613714285714282,2.3867633333333336
2024-01-24,2.7886,13.55,81.11,4.31,2024,1,24,24,4,winter,2.4876,1.9402,2.9621,2.2941,2.37629
2024-01-25,3.4013,15.08,87.15,6.17,2024,1,25,25,4,winter,2.7886,2.4876,3.1692,2.2693142857142856,2.3764266666666667
2024-01-26,3.4025,15.12,86.86,4.65,2024,1,26,26,4,winter,3.4013,2.7886,1.8497,2.3024714285714287,2.3936666666666664
2024-01-27,2.6657,14.56,89.5,3.77,2024,1,27,27,4,winter,3.4025,3.4013,1.8173,2.5242999999999998,2.43493
2024-01-28,2.6974,12.51,84.09,2.14,2024,1,28,28,4,winter,2.6657,3.4025,1.8326,2.6454999999999997,2.4343
2024-01-29,3.3986,11.8,79.86,2.07,2024,1,29,29,5,winter,2.6974,2.6657,1.9402,2.7690428571428574,2.4378533333333334
2024-01-30,3.607,10.58,80.3,1.92,2024,1,30,30,5,winter,3.3986,2.6974,2.4876,2.977385714285714,2.4961866666666666
2024-01-31,3.5916,10.03,75.64,1.54,2024,1,31,31,5,winter,3.607,3.3986,2.7886,3.1372999999999998,2.52838
2024-02-01,2.8363,10.76,78.66,2.6,2024,2,1,32,5,winter,3.5916,3.607,3.4013,3.2520142857142855,2.5720033333333334
2024-02-02,1.4926,12.44,87.99,3.07,2024,2,2,33,5,winter,2.8363,3.5916,3.4025,3.1713,2.5787466666666665
2024-02-03,3.6079,12.48,83.01,2.77,2024,2,3,34,5,winter,1.4926,2.8363,2.6657,2.898457142857143,2.5391166666666667
2024-02-04,3.9398,11.93,87.36,3.7,2024,2,4,35,5,winter,3.6079,1.4926,2.6974,3.033057142857143,2.563653333333334
2024-02-05,3.995,12.58,81.39,2.55,2024,2,5,36,6,winter,3.9398,3.6079,3.3986,3.210542857142857,2.613763333333333
2024-02-06,3.9996,14.31,67.86,1.42,2024,2,6,37,6,winter,3.995,3.9398,3.607,3.2957428571428573,2.7020333333333335
2024-02-07,3.7438,12.98,74.91,4.24,2024,2,7,38,6,winter,3.9996,3.995,3.5916,3.351828571428572,2.7681933333333335
2024-02-08,3.8609,14.0,72.47,3.15,2024,2,8,39,6,winter,3.7438,3.9996,2.8363,3.3735714285714287,2.8192999999999997
2024-02-09,2.653,14.94,51.32,4.21,2024,2,9,40,6,winter,3.8609,3.7438,1.4926,3.5199428571428575,2.8626533333333333
2024-02-10,1.367,14.34,72.75,4.81,2024,2,10,41,6,winter,2.653,3.8609,3.6079,3.685714285714286,2.916726666666667
2024-02-11,3.5381,11.99,78.13,5.81,2024,2,11,42,6,winter,1.367,2.653,3.9398,3.3655857142857144,2.8946933333333336
2024-02-12,2.7854,13.16,76.49,3.51,2024,2,12,43,7,winter,3.5381,1.367,3.995,3.3082000000000003,2.947326666666667
2024-02-13,3.503,14.02,79.29,5.51,2024,2,13,44,7,winter,2.7854,3.5381,3.9996,3.1354,2.9406133333333333
2024-02-14,4.213,12.45,82.41,3.35,2024,2,14,45,7,winter,3.503,2.7854,3.7438,3.064457142857143,2.96122
2024-02-15,4.5175,12.41,75.39,2.59,2024,2,15,46,7,winter,4.213,3.503,3.8609,3.131485714285714,3.00351
2024-02-16,2.5344,13.34,84.4,2.19,2024,2,16,47,7,winter,4.5175,4.213,2.653,3.225285714285714,3.0554766666666664
2024-02-17,1.6726,12.99,91.45,1.62,2024,2,17,48,7,winter,2.5344,4.5175,1.367,3.208342857142857,3.04122
2024-02-18,3.8009,13.39,85.71,1.49,2024,2,18,49,7,winter,1.6726,2.5344,3.5381,3.252,2.991333333333333
2024-02-19,3.2009,13.34,85.96,4.35,2024,2,19,50,8,winter,3.8009,1.6726,2.7854,3.2895428571428575,3.056373333333333
2024-02-20,2.1372,13.59,85.44,4.31,2024,2,20,51,8,winter,3.2009,3.8009,3.503,3.3489,3.1024933333333338
2024-02-21,3.1798,12.65,83.87,3.26,2024,2,21,52,8,winter,2.1372,3.2009,4.213,3.153785714285714,3.112646666666667
2024-02-22,4.5372,12.16,75.93,2.64,2024,2,22,53,8,winter,3.1798,2.1372,4.5175,3.006185714285714,3.153966666666667
2024-02-23,2.503,13.83,73.35,3.61,2024,2,23,54,8,winter,4.5372,3.1798,2.5344,3.0090000000000003,3.2222866666666667
2024-02-24,2.9042,12.2,70.42,2.22,2024,2,24,55,8,winter,2.503,4.5372,1.6726,3.004514285714286,3.2127666666666665
2024-02-25,4.2017,11.52,74.92,5.41,2024,2,25,56,8,winter,2.9042,2.503,3.8009,3.180457142857143,3.196196666666667
2024-02-26,3.7536,13.72,69.27,2.51,2024,2,26,57,9,winter,4.2017,2.9042,3.2009,3.2377142857142855,3.222836666666667
2024-02-27,1.9944,12.82,76.97,2.38,2024,2,27,58,9,winter,3.7536,4.2017,2.1372,3.3166714285714285,3.2590999999999997
2024-02-28,3.9221,11.77,82.94,3.59,2024,2,28,59,9,winter,1.9944,3.7536,3.1798,3.296271428571429,3.235666666666667
2024-02-29,2.4461,11.66,80.93,2.72,2024,2,29,60,9,winter,3.9221,1.9944,4.5372,3.402314285714286,3.2531166666666667
2024-03-01,2.5416,12.14,82.63,4.83,2024,3,1,61,9,spring,2.4461,3.9221,2.503,3.103585714285714,3.2144199999999996
2024-03-02,4.7143,13.49,71.0,2.82,2024,3,2,62,9,spring,2.5416,2.4461,2.9042,3.1090999999999993,3.17942
2024-03-03,4.5696,12.88,68.76,3.94,2024,3,3,63,9,spring,4.7143,2.5416,4.2017,3.367685714285714,3.2420200000000006
2024-03-04,4.3279,12.22,69.17,6.33,2024,3,4,64,10,spring,4.5696,4.7143,3.7536,3.420242857142857,3.3445866666666664
2024-03-05,3.989,13.68,72.53,4.96,2024,3,5,65,10,spring,4.3279,4.5696,1.9944,3.5022857142857147,3.3685866666666664
2024-03-06,5.3465,12.71,71.81,2.55,2024,3,6,66,10,spring,3.989,4.3279,3.9221,3.787228571428571,3.370226666666667
2024-03-07,4.926,12.96,78.53,1.92,2024,3,7,67,10,spring,5.3465,3.989,2.4461,3.9907142857142857,3.4152766666666663
2024-03-08,3.4903,14.59,77.82,2.47,2024,3,8,68,10,spring,4.926,5.3465,2.5416,4.3449857142857145,3.4461566666666665
2024-03-09,3.8777,15.61,75.79,2.87,2024,3,9,69,10,spring,3.4903,4.926,4.7143,4.480514285714286,3.4377066666666667
2024-03-10,3.0446,13.46,78.15,3.78,2024,3,10,70,10,spring,3.8777,3.4903,4.5696,4.361,3.438266666666667
2024-03-11,4.6092,12.65,79.67,4.36,2024,3,11,71,11,spring,3.0446,3.8777,4.3279,4.143142857142857,3.45132
2024-03-12,4.3462,13.18,75.02,5.18,2024,3,12,72,11,spring,4.6092,3.0446,3.989,4.183328571428571,3.559393333333333
2024-03-13,4.986,12.87,75.17,2.81,2024,3,13,73,11,spring,4.3462,4.6092,5.3465,4.234357142857143,3.58633
2024-03-14,4.9882,13.4,78.73,2.17,2024,3,14,74,11,spring,4.986,4.3462,4.926,4.182857142857142,3.659683333333333
2024-03-15,5.1492,13.48,82.7,2.14,2024,3,15,75,11,spring,4.9882,4.986,3.4903,4.191742857142857,3.70919
2024-03-16,4.98,14.39,84.78,3.5,2024,3,16,76,11,spring,5.1492,4.9882,3.8777,4.428728571428572,3.740396666666667
2024-03-17,5.0678,15.09,80.26,3.09,2024,3,17,77,11,spring,4.98,5.1492,3.0446,4.5862,3.7558133333333337
2024-03-18,4.8043,16.6,65.41,1.56,2024,3,18,78,12,spring,5.0678,4.98,4.6092,4.875228571428571,3.8402600000000002
2024-03-19,5.2694,15.34,77.9,2.64,2024,3,19,79,12,spring,4.8043,5.0678,4.3462,4.9031,3.94465
2024-03-20,5.1238,15.33,81.28,1.78,2024,3,20,80,12,spring,5.2694,4.8043,4.986,5.034985714285715,3.9936
2024-03-21,4.9186,16.32,81.16,3.52,2024,3,21,81,12,spring,5.1238,5.2694,4.9882,5.054671428571429,4.057696666666667
2024-03-22,4.7062,15.23,86.0,2.42,2024,3,22,82,12,spring,4.9186,5.1238,5.1492,5.044728571428572,4.15041
2024-03-23,5.1835,15.05,81.04,1.67,2024,3,23,83,12,spring,4.7062,4.9186,4.98,4.9814428571428575,4.20129
2024-03-24,4.2041,16.18,69.65,2.1,2024,3,24,84,12,spring,5.1835,4.7062,5.0678,5.010514285714286,4.222833333333333
2024-03-25,2.4718,17.92,64.91,2.72,2024,3,25,85,13,spring,4.2041,5.1835,4.8043,4.887128571428571,4.279536666666667
2024-03-26,4.3531,17.13,77.24,3.27,2024,3,26,86,13,spring,2.4718,4.2041,5.2694,4.553914285714286,4.265123333333333
2024-03-27,4.7897,13.99,72.38,5.71,2024,3,27,87,13,spring,4.3531,2.4718,5.1238,4.423014285714286,4.270169999999999
2024-03-28,5.597,17.49,55.37,2.92,2024,3,28,88,13,spring,4.7897,4.3531,4.9186,4.375285714285714,4.304706666666666
2024-03-29,5.6011,18.19,48.89,4.44,2024,3,29,89,13,spring,5.597,4.7897,4.7062,4.4722,4.424793333333333
2024-03-30,5.063,18.15,71.2,2.71,2024,3,30,90,13,spring,5.6011,5.597,5.1835,4.600042857142857,4.48076
2024-03-31,5.2135,20.04,58.43,2.19,2024,3,31,91,13,spring,5.063,5.6011,4.2041,4.582828571428571,4.567989999999999
2024-04-01,5.5944,17.58,64.79,4.25,2024,4,1,92,14,spring,5.2135,5.063,2.4718,4.727028571428571,4.657053333333334
2024-04-02,6.0242,16.36,78.53,2.45,2024,4,2,93,14,spring,5.5944,5.2135,4.3531,5.173114285714286,4.68639
2024-04-03,5.923,16.49,70.65,2.49,2024,4,3,94,14,spring,6.0242,5.5944,4.7897,5.411842857142857,4.734876666666666
2024-04-04,6.9794,16.06,73.49,1.88,2024,4,4,95,14,spring,5.923,6.0242,5.597,5.573742857142856,4.7880466666666655
2024-04-05,7.0471,18.06,58.0,2.91,2024,4,5,96,14,spring,6.9794,5.923,5.6011,5.771228571428572,4.8877266666666666
2024-04-06,6.6314,19.12,58.46,3.09,2024,4,6,97,14,spring,7.0471,6.9794,5.063,5.9778,4.944413333333332
2024-04-07,6.8412,20.11,55.17,2.54,2024,4,7,98,14,spring,6.6314,7.0471,5.2135,6.2018571428571425,5.00126
2024-04-08,6.1908,20.61,53.19,3.56,2024,4,8,99,15,spring,6.8412,6.6314,5.5944,6.434385714285715,5.112956666666666
2024-04-09,4.9111,18.92,68.12,4.99,2024,4,9,100,15,spring,6.1908,6.8412,6.0242,6.519585714285715,5.190060000000001
2024-04-10,6.2431,15.19,66.47,5.9,2024,4,10,101,15,spring,4.9111,6.1908,5.923,6.360571428571428,5.252276666666666
2024-04-11,5.2015,14.16,69.92,2.29,2024,4,11,102,15,spring,6.2431,4.9111,6.9794,6.4063,5.3067400000000005
2024-04-12,3.3965,15.63,79.62,3.31,2024,4,12,103,15,spring,5.2015,6.2431,7.0471,6.152314285714286,5.33525
2024-04-13,4.751,17.49,79.55,2.47,2024,4,13,104,15,spring,3.3965,5.2015,6.6314,5.630800000000001,5.282266666666667
2024-04-14,2.8925,18.02,75.68,2.54,2024,4,14,105,15,spring,4.751,3.3965,6.8412,5.362171428571429,5.274360000000001
2024-04-15,4.1618,18.35,74.91,3.06,2024,4,15,106,16,spring,2.8925,4.751,6.1908,4.798071428571428,5.199136666666667
2024-04-16,2.2181,17.06,77.99,4.36,2024,4,16,107,16,spring,4.1618,2.8925,4.9111,4.508214285714286,5.1718633333333335
2024-04-17,6.1356,15.79,67.91,6.42,2024,4,17,108,16,spring,2.2181,4.1618,6.2431,4.123500000000001,5.076873333333334
2024-04-18,6.2239,15.43,65.36,4.67,2024,4,18,109,16,spring,6.1356,2.2181,5.2015,4.108142857142857,5.12125
2024-04-19,6.0312,14.49,62.17,6.2,2024,4,19,110,16,spring,6.2239,6.1356,3.3965,4.2542,5.153066666666667
2024-04-20,7.1587,14.96,63.52,3.21,2024,4,20,111,16,spring,6.0312,6.2239,4.751,4.630585714285715,5.1833133333333326
2024-04-21,5.8649,15.08,65.68,3.13,2024,4,21,112,16,spring,7.1587,6.0312,2.8925,4.974542857142858,5.257983333333333
2024-04-22,6.3235,14.94,64.02,2.9,2024,4,22,113,17,spring,5.8649,7.1587,4.1618,5.399171428571429,5.2966066666666665
2024-04-23,6.5659,14.63,61.06,4.07,2024,4,23,114,17,spring,6.3235,5.8649,2.2181,5.707985714285714,5.334606666666667
2024-04-24,2.9506,13.13,67.13,5.08,2024,4,24,115,17,spring,6.5659,6.3235,6.1356,6.329100000000001,5.413333333333333
2024-04-25,7.2494,15.29,60.29,2.9,2024,4,25,116,17,spring,2.9506,6.5659,6.2239,5.874099999999999,5.429293333333334
2024-04-26,3.9103,16.98,64.44,2.46,2024,4,26,117,17,spring,7.2494,2.9506,6.0312,6.0206,5.525836666666667
2024-04-27,6.7306,17.73,65.66,4.37,2024,4,27,118,17,spring,3.9103,7.2494,7.1587,5.717614285714285,5.496523333333333
2024-04-28,4.9838,17.55,73.87,3.75,2024,4,28,119,17,spring,6.7306,3.9103,5.8649,5.656457142857143,5.5343100000000005
2024-04-29,3.5407,18.5,76.67,3.58,2024,4,29,120,18,spring,4.9838,6.7306,6.3235,5.530585714285714,5.513733333333334
2024-04-30,2.6393,17.5,86.83,3.2,2024,4,30,121,18,spring,3.5407,4.9838,6.5659,5.133042857142859,5.4629900000000005
2024-05-01,7.165,17.58,70.08,4.08,2024,5,1,122,18,spring,2.6393,3.5407,2.9506,4.5721,5.377183333333334
2024-05-02,5.9537,16.81,72.85,4.04,2024,5,2,123,18,spring,7.165,2.6393,7.2494,5.174157142857142,5.4295366666666665
2024-05-03,7.2634,16.24,66.31,2.98,2024,5,3,124,18,spring,5.9537,7.165,3.9103,4.989057142857143,5.4271866666666675
2024-05-04,7.813,17.14,52.11,2.01,2024,5,4,125,18,spring,7.2634,5.9537,6.7306,5.468071428571428,5.471866666666667
2024-05-05,7.7534,19.44,55.86,2.95,2024,5,5,126,18,spring,7.813,7.2634,4.9838,5.6227,5.499653333333334
2024-05-06,7.3882,22.47,58.1,2.24,2024,5,6,127,19,spring,7.7534,7.813,3.5407,6.018357142857142,5.523196666666667
2024-05-07,5.8418,20.13,72.13,2.43,2024,5,7,128,19,spring,7.3882,7.7534,2.6393,6.5680000000000005,5.548423333333333
2024-05-08,4.3982,16.34,76.65,5.08,2024,5,8,129,19,spring,5.8418,7.3882,7.165,7.0255,5.515110000000001
2024-05-09,3.2148,16.41,81.54,4.59,2024,5,9,130,19,spring,4.3982,5.8418,5.9537,6.630242857142856,5.455356666666666
2024-05-10,6.6494,18.28,76.86,3.63,2024,5,10,131,19,spring,3.2148,4.3982,7.2634,6.238971428571429,5.398813333333334
2024-05-11,7.6385,19.93,63.96,1.89,2024,5,11,132,19,spring,6.6494,3.2148,7.813,6.151257142857143,5.412356666666667
2024-05-12,7.8154,21.18,62.93,2.77,2024,5,12,133,19,spring,7.6385,6.6494,7.7534,6.126328571428572,5.49359
2024-05-13,6.7234,22.31,71.44,2.14,2024,5,13,134,20,spring,7.8154,7.6385,7.3882,6.135185714285714,5.640886666666666
2024-05-14,6.833,22.59,71.11,2.74,2024,5,14,135,20,spring,6.7234,7.8154,5.8418,6.040214285714285,5.7066333333333334
2024-05-15,6.3626,23.46,62.89,2.3,2024,5,15,136,20,spring,6.833,6.7234,4.3982,6.181814285714286,5.837983333333335
2024-05-16,6.978,20.72,69.56,3.86,2024,5,16,137,20,spring,6.3626,6.833,3.2148,6.4624428571428565,5.911343333333333
2024-05-17,5.2781,22.36,63.58,3.23,2024,5,17,138,20,spring,6.978,6.3626,6.6494,7.000042857142857,6.070006666666667
2024-05-18,4.885,24.04,74.41,1.68,2024,5,18,139,20,spring,5.2781,6.978,7.6385,6.804142857142857,6.041423333333333
2024-05-19,5.9719,23.49,68.36,2.41,2024,5,19,140,20,spring,4.885,5.2781,7.8154,6.410785714285714,5.996793333333333
2024-05-20,6.282,22.01,75.62,3.63,2024,5,20,141,21,spring,5.9719,4.885,6.7234,6.147428571428571,5.994816666666666
2024-05-21,7.817,20.74,71.56,3.52,2024,5,21,142,21,spring,6.282,5.9719,6.833,6.084371428571429,5.9655933333333335
2024-05-22,7.5322,21.13,66.31,2.59,2024,5,22,143,21,spring,7.817,6.282,6.3626,6.224942857142857,6.030663333333333
2024-05-23,7.1026,21.81,60.57,2.19,2024,5,23,144,21,spring,7.5322,7.817,6.978,6.392028571428573,6.070953333333334
2024-05-24,7.1074,23.04,64.6,2.3,2024,5,24,145,21,spring,7.1026,7.5322,5.2781,6.409828571428571,6.088843333333333
2024-05-25,7.35,22.89,64.62,2.0,2024,5,25,146,21,spring,7.1074,7.1026,4.885,6.671157142857142,6.227403333333333
2024-05-26,8.0971,22.15,63.19,1.64,2024,5,26,147,21,spring,7.35,7.1074,5.9719,7.0233,6.230756666666666
2024-05-27,8.0518,23.37,52.57,2.59,2024,5,27,148,22,spring,8.0971,7.35,6.282,7.326899999999999,6.370316666666667
2024-05-28,6.7099,24.57,55.88,3.22,2024,5,28,149,22,spring,8.0518,8.0971,7.817,7.5797285714285705,6.4143566666666665
2024-05-29,7.4405,21.74,69.77,5.06,2024,5,29,150,22,spring,6.7099,8.0518,7.5322,7.421571428571428,6.471893333333333
2024-05-30,7.3908,22.72,65.85,3.27,2024,5,30,151,22,spring,7.4405,6.7099,7.1026,7.4084714285714295,6.601886666666667
2024-05-31,7.5924,23.35,61.43,2.6,2024,5,31,152,22,spring,7.3908,7.4405,7.1074,7.449642857142857,6.76027
2024-06-01,6.7246,22.76,65.19,2.18,2024,6,1,153,22,summer,7.5924,7.3908,7.35,7.518928571428572,6.774516666666667
2024-06-02,6.1272,21.47,73.86,2.9,2024,6,2,154,22,summer,6.7246,7.5924,8.0971,7.4295857142857145,6.800213333333333
2024-06-03,5.6086,21.54,64.29,3.31,2024,6,3,155,23,summer,6.1272,6.7246,8.0518,7.148171428571429,6.76234
2024-06-04,6.7735,21.85,67.48,2.33,2024,6,4,156,23,summer,5.6086,6.1272,6.7099,6.799142857142856,6.68886
2024-06-05,6.6182,22.18,66.01,2.85,2024,6,5,157,23,summer,6.7735,5.6086,7.4405,6.808228571428572,6.656196666666667
2024-06-06,8.293,23.47,60.58,2.11,2024,6,6,158,23,summer,6.6182,6.7735,7.3908,6.690757142857143,6.630529999999999
2024-06-07,8.1602,25.04,53.24,2.57,2024,6,7,159,23,summer,8.293,6.6182,7.5924,6.819642857142857,6.712236666666667
2024-06-08,7.6793,27.62,52.51,3.56,2024,6,8,160,23,summer,8.1602,8.293,6.7246,6.9007571428571435,6.837636666666667
2024-06-09,3.2088,26.74,55.85,3.07,2024,6,9,161,23,summer,7.6793,8.1602,6.1272,7.0371428571428565,6.986453333333333
2024-06-10,7.0056,24.76,60.61,2.99,2024,6,10,162,24,summer,3.2088,7.6793,5.6086,6.620228571428571,6.871766666666667
2024-06-11,7.5144,25.24,66.64,2.82,2024,6,11,163,24,summer,7.0056,3.2088,6.7735,6.8198,6.850669999999999
2024-06-12,5.3254,23.53,66.59,4.0,2024,6,12,164,24,summer,7.5144,7.0056,6.6182,6.925642857142856,6.840636666666667
2024-06-13,7.1066,23.04,61.86,5.18,2024,6,13,165,24,summer,5.3254,7.5144,8.293,6.740957142857143,6.794036666666666
2024-06-14,8.8459,22.98,53.86,2.88,2024,6,14,166,24,summer,7.1066,5.3254,8.1602,6.571471428571429,6.803156666666666
2024-06-15,7.0068,26.85,49.37,3.23,2024,6,15,167,24,summer,8.8459,7.1066,7.6793,6.669428571428571,6.885933333333333
2024-06-16,4.1326,25.81,69.58,2.54,2024,6,16,168,24,summer,7.0068,8.8459,3.2088,6.573357142857143,6.886893333333333
2024-06-17,7.8972,28.67,52.44,3.3,2024,6,17,169,25,summer,4.1326,7.0068,7.0056,6.705328571428572,6.84871
2024-06-18,5.7684,31.3,41.02,4.64,2024,6,18,170,25,summer,7.8972,4.1326,7.5144,6.832700000000001,6.949116666666667
2024-06-19,4.4474,31.25,36.58,3.45,2024,6,19,171,25,summer,5.7684,7.8972,5.3254,6.583271428571429,6.942333333333334
2024-06-20,6.7572,31.21,34.33,3.25,2024,6,20,172,25,summer,4.4474,5.7684,7.1066,6.457842857142857,6.88118
2024-06-21,7.3728,25.95,60.83,4.35,2024,6,21,173,25,summer,6.7572,4.4474,8.8459,6.407928571428571,6.845853333333334
2024-06-22,7.657,24.43,62.96,5.46,2024,6,22,174,25,summer,7.3728,6.7572,7.0068,6.197485714285714,6.84054
2024-06-23,6.9026,23.65,66.41,4.04,2024,6,23,175,25,summer,7.657,7.3728,4.1326,6.2903714285714285,6.85902
2024-06-24,5.1612,24.08,62.14,2.8,2024,6,24,176,26,summer,6.9026,7.657,7.8972,6.686085714285714,6.852193333333333
2024-06-25,6.941,24.17,61.33,3.11,2024,6,25,177,26,summer,5.1612,6.9026,5.7684,6.295228571428572,6.779233333333333
2024-06-26,8.131,24.93,59.32,2.74,2024,6,26,178,26,summer,6.941,5.1612,4.4474,6.462742857142857,6.740696666666667
2024-06-27,6.9768,27.88,55.37,4.3,2024,6,27,179,26,summer,8.131,6.941,6.7572,6.9889714285714275,6.743336666666666
2024-06-28,6.8981,28.41,52.84,3.49,2024,6,28,180,26,summer,6.9768,8.131,7.3728,7.020342857142857,6.752233333333333
2024-06-29,6.5914,29.14,50.66,2.88,2024,6,29,181,26,summer,6.8981,6.9768,7.657,6.952528571428572,6.734153333333333
2024-06-30,7.0416,29.23,55.43,2.3,2024,6,30,182,26,summer,6.5914,6.8981,6.9026,6.8003,6.707506666666666
2024-07-01,6.251,28.64,54.25,5.4,2024,7,1,183,27,summer,7.0416,6.5914,5.1612,6.820157142857143,6.689146666666667
2024-07-02,7.488,24.99,62.41,7.95,2024,7,2,184,27,summer,6.251,7.0416,6.941,6.975842857142857,6.673360000000001
2024-07-03,7.5751,24.22,61.8,6.6,2024,7,3,185,27,summer,7.488,6.251,8.131,7.053985714285715,6.71872
2024-07-04,7.7981,24.29,60.47,6.51,2024,7,4,186,27,summer,7.5751,7.488,6.9768,6.974571428571428,6.78427
2024-07-05,8.0746,25.6,56.23,3.03,2024,7,5,187,27,summer,7.7981,7.5751,6.8981,7.0919,6.818423333333333
2024-07-06,7.1407,29.59,50.01,5.8,2024,7,6,188,27,summer,8.0746,7.7981,6.5914,7.259971428571428,6.86697
2024-07-07,6.1939,29.17,57.11,2.17,2024,7,7,189,27,summer,7.1407,8.0746,7.0416,7.338442857142858,6.82856
2024-07-08,6.4507,29.33,55.42,2.49,2024,7,8,190,28,summer,6.1939,7.1407,6.251,7.2173428571428575,6.763016666666667
2024-07-09,6.401,29.76,56.43,2.85,2024,7,9,191,28,summer,6.4507,6.1939,7.488,7.245871428571428,6.722063333333334
2024-07-10,7.5674,28.64,61.74,2.33,2024,7,10,192,28,summer,6.401,6.4507,7.5751,7.090585714285715,6.828469999999999
2024-07-11,7.573,28.72,58.11,2.38,2024,7,11,193,28,summer,7.5674,6.401,7.7981,7.089485714285715,6.847196666666667
2024-07-12,7.781,31.55,39.8,2.61,2024,7,12,194,28,summer,7.573,7.5674,8.0746,7.057328571428571,6.84915
2024-07-13,7.6982,30.14,47.77,2.57,2024,7,13,195,28,summer,7.781,7.573,7.1407,7.015385714285714,6.931003333333334
2024-07-14,6.7289,31.5,52.18,3.12,2024,7,14,196,28,summer,7.6982,7.781,6.1939,7.095028571428571,6.950723333333333
2024-07-15,7.5427,29.01,59.4,2.2,2024,7,15,197,29,summer,6.7289,7.6982,6.4507,7.171457142857142,6.880156666666666
2024-07-16,7.5413,28.56,57.08,2.39,2024,7,16,198,29,summer,7.5427,6.7289,6.401,7.327457142857143,6.89802
2024-07-17,7.4359,29.91,55.05,1.97,2024,7,17,199,29,summer,7.5413,7.5427,7.5674,7.4903571428571425,7.011643333333334
2024-07-18,7.5298,29.97,53.52,1.89,2024,7,18,200,29,summer,7.4359,7.5413,7.573,7.471571428571429,6.996266666666667
2024-07-19,7.5156,29.58,55.51,2.08,2024,7,19,201,29,summer,7.5298,7.4359,7.781,7.4654,7.05498
2024-07-20,7.4633,30.27,47.86,2.51,2024,7,20,202,29,summer,7.5156,7.5298,7.6982,7.427485714285714,7.157253333333333
2024-07-21,7.1174,33.96,36.77,2.57,2024,7,21,203,29,summer,7.4633,7.5156,6.7289,7.393928571428572,7.18079
2024-07-22,7.146,27.55,61.35,7.78,2024,7,22,204,30,summer,7.1174,7.4633,7.5427,7.44942857142857,7.172276666666667
2024-07-23,7.0562,27.44,60.56,6.56,2024,7,23,205,30,summer,7.146,7.1174,7.5413,7.392757142857143,7.155243333333333
2024-07-24,7.3356,27.01,61.9,5.94,2024,7,24,206,30,summer,7.0562,7.146,7.4359,7.323457142857143,7.160363333333334
2024-07-25,7.7028,27.66,59.76,4.92,2024,7,25,207,30,summer,7.3356,7.0562,7.5298,7.309128571428571,7.232843333333334
2024-07-26,6.7402,28.43,54.07,2.33,2024,7,26,208,30,summer,7.7028,7.3356,7.5156,7.333842857142857,7.258236666666667
2024-07-27,6.587,29.89,54.47,4.11,2024,7,27,209,30,summer,6.7402,7.7028,7.4633,7.223071428571429,7.211876666666667
2024-07-28,6.5914,29.99,55.75,3.42,2024,7,28,210,30,summer,6.587,6.7402,7.1174,7.097885714285714,7.198883333333333
2024-07-29,7.2602,30.1,47.25,1.99,2024,7,29,211,31,summer,6.5914,6.587,7.146,7.022742857142857,7.1886600000000005
2024-07-30,7.5139,30.02,50.61,2.25,2024,7,30,212,31,summer,7.2602,6.5914,7.0562,7.039057142857144,7.210953333333333
2024-07-31,7.2425,30.74,48.91,2.35,2024,7,31,213,31,summer,7.5139,7.2602,7.3356,7.104442857142857,7.226696666666667
2024-08-01,7.2053,32.95,38.07,2.3,2024,8,1,214,31,summer,7.2425,7.5139,7.7028,7.091142857142857,7.259746666666667
2024-08-02,7.1602,33.94,35.36,2.1,2024,8,2,215,31,summer,7.2053,7.2425,6.7402,7.020071428571429,7.250323333333333
2024-08-03,5.8426,30.57,53.75,4.84,2024,8,3,216,31,summer,7.1602,7.2053,6.587,7.080071428571428,7.236493333333333
2024-08-04,6.9074,28.48,56.53,6.37,2024,8,4,217,31,summer,5.8426,7.1602,6.5914,6.973728571428572,7.17131
2024-08-05,6.8597,27.79,64.12,4.11,2024,8,5,218,32,summer,6.9074,5.8426,7.2602,7.018871428571428,7.1324033333333325
2024-08-06,6.7654,28.3,62.44,2.42,2024,8,6,219,32,summer,6.8597,6.9074,7.5139,6.961657142857143,7.123036666666666
2024-08-07,6.4874,29.35,58.91,1.94,2024,8,7,220,32,summer,6.7654,6.8597,7.2425,6.854728571428572,7.142086666666667
2024-08-08,7.0291,29.7,55.5,1.93,2024,8,8,221,32,summer,6.4874,6.7654,7.2053,6.746857142857143,7.14331
2024-08-09,6.9374,31.05,47.6,1.88,2024,8,9,222,32,summer,7.0291,6.4874,7.1602,6.721685714285714,7.164246666666667
2024-08-10,7.0608,30.5,61.49,2.41,2024,8,10,223,32,summer,6.9374,7.0291,5.8426,6.689857142857143,7.143246666666666
2024-08-11,6.9554,32.19,48.79,3.65,2024,8,11,224,32,summer,7.0608,6.9374,6.9074,6.863885714285714,7.126173333333333
2024-08-12,6.6706,33.34,42.81,5.21,2024,8,12,225,33,summer,6.9554,7.0608,6.8597,6.870742857142858,7.098653333333333
2024-08-13,6.4495,32.94,45.86,3.32,2024,8,13,226,33,summer,6.6706,6.9554,6.7654,6.843728571428571,7.0644
2024-08-14,6.378,32.51,49.08,2.62,2024,8,14,227,33,summer,6.4495,6.6706,6.4874,6.7985999999999995,7.055086666666667
2024-08-15,4.4748,31.66,49.74,3.22,2024,8,15,228,33,summer,6.378,6.4495,7.0291,6.782971428571428,7.016263333333333
2024-08-16,5.9424,30.94,54.72,3.11,2024,8,16,229,33,summer,4.4748,6.378,6.9374,6.418071428571428,6.914046666666667
2024-08-17,5.5183,28.36,64.4,3.32,2024,8,17,230,33,summer,5.9424,4.4748,7.0608,6.2759285714285715,6.864263333333333
2024-08-18,5.6112,27.88,67.26,4.09,2024,8,18,231,33,summer,5.5183,5.9424,6.9554,6.055571428571429,6.7972133333333336
2024-08-19,5.3866,27.94,58.9,4.02,2024,8,19,232,34,summer,5.6112,5.5183,6.6706,5.863542857142856,6.733733333333333
2024-08-20,5.8999,27.02,62.78,5.33,2024,8,20,233,34,summer,5.3866,5.6112,6.4495,5.680114285714287,6.664509999999999
2024-08-21,6.2117,27.05,65.23,5.51,2024,8,21,234,34,summer,5.8999,5.3866,6.378,5.6016,6.623926666666666
2024-08-22,6.121,26.62,62.97,4.5,2024,8,22,235,34,summer,6.2117,5.8999,4.4748,5.5778428571428575,6.592783333333333
2024-08-23,6.2578,26.83,63.81,2.1,2024,8,23,236,34,summer,6.121,6.2117,5.9424,5.813014285714286,6.56161
2024-08-24,6.2578,29.16,55.13,2.84,2024,8,24,237,34,summer,6.2578,6.121,5.5183,5.858071428571429,6.525683333333333
2024-08-25,6.6895,29.28,55.69,2.32,2024,8,25,238,34,summer,6.2578,6.2578,5.6112,5.963714285714285,6.4775166666666655
2024-08-26,5.4862,27.85,66.61,2.67,2024,8,26,239,35,summer,6.6895,6.2578,5.3866,6.117757142857143,6.475826666666666
2024-08-27,6.1435,27.78,63.66,3.43,2024,8,27,240,35,summer,5.4862,6.6895,5.8999,6.131985714285714,6.4391333333333325
2024-08-28,4.5996,27.07,58.73,1.89,2024,8,28,241,35,summer,6.1435,5.4862,6.2117,6.166785714285714,6.424203333333334
2024-08-29,5.5759,27.48,56.93,2.03,2024,8,29,242,35,summer,4.5996,6.1435,6.121,5.936485714285714,6.335516666666666
2024-08-30,5.6081,28.07,61.14,2.79,2024,8,30,243,35,summer,5.5759,4.5996,6.2578,5.858614285714286,6.2709166666666665
2024-08-31,5.9714,29.14,60.68,2.75,2024,8,31,244,35,summer,5.6081,5.5759,6.2578,5.7658,6.216436666666667
2024-09-01,5.7624,29.89,58.8,3.25,2024,9,1,245,35,autumn,5.9714,5.6081,6.6895,5.724885714285715,6.175306666666667
2024-09-02,5.4922,30.69,54.6,2.47,2024,9,2,246,36,autumn,5.7624,5.9714,5.4862,5.592442857142857,6.128713333333334
2024-09-03,5.7245,30.9,58.63,2.26,2024,9,3,247,36,autumn,5.4922,5.7624,6.1435,5.593299999999999,6.1170333333333335
2024-09-04,5.4065,29.55,66.75,1.88,2024,9,4,248,36,autumn,5.7245,5.4922,4.5996,5.533442857142857,6.077603333333333
2024-09-05,4.8576,26.96,70.7,3.57,2024,9,5,249,36,autumn,5.4065,5.7245,5.5759,5.648714285714285,6.029163333333333
2024-09-06,5.8368,30.83,57.69,3.09,2024,9,6,250,36,autumn,4.8576,5.4065,5.6081,5.546100000000001,5.9655700000000005
2024-09-07,5.6998,31.83,48.88,3.46,2024,9,7,251,36,autumn,5.8368,4.8576,5.9714,5.578771428571429,5.943883333333333
2024-09-08,3.8878,30.83,56.38,3.57,2024,9,8,252,36,autumn,5.6998,5.8368,5.7624,5.5399714285714285,5.899573333333334
2024-09-09,5.6129,26.37,71.16,6.26,2024,9,9,253,37,autumn,3.8878,5.6998,5.4922,5.272171428571428,5.79792
2024-09-10,5.8781,24.76,64.55,7.81,2024,9,10,254,37,autumn,5.6129,3.8878,5.7245,5.289414285714286,5.749656666666667
2024-09-11,5.5025,24.26,68.09,5.1,2024,9,11,255,37,autumn,5.8781,5.6129,5.4065,5.311357142857142,5.713746666666667
2024-09-12,5.8625,24.76,69.12,3.56,2024,9,12,256,37,autumn,5.5025,5.8781,4.8576,5.3250714285714285,5.67481
2024-09-13,3.8155,23.21,62.78,5.99,2024,9,13,257,37,autumn,5.8625,5.5025,5.8368,5.468628571428572,5.655243333333333
2024-09-14,5.9047,21.33,55.66,6.84,2024,9,14,258,37,autumn,3.8155,5.8625,5.6998,5.1798714285714285,5.569826666666668
2024-09-15,4.4652,21.79,60.02,5.49,2024,9,15,259,37,autumn,5.9047,3.8155,3.8878,5.209142857142857,5.61749
2024-09-16,5.226,22.37,61.44,4.44,2024,9,16,260,38,autumn,4.4652,5.9047,5.6129,5.291628571428572,5.568250000000001
2024-09-17,4.7875,22.75,64.84,4.12,2024,9,17,261,38,autumn,5.226,4.4652,5.8781,5.236357142857143,5.558506666666667
2024-09-18,4.0702,23.34,65.86,1.62,2024,9,18,262,38,autumn,4.7875,5.226,5.5025,5.080557142857144,5.53105
2024-09-19,4.1866,23.49,70.23,1.75,2024,9,19,263,38,autumn,4.0702,4.7875,5.8625,4.875942857142857,5.487170000000001
2024-09-20,4.4851,23.65,71.96,1.87,2024,9,20,264,38,autumn,4.1866,4.0702,3.8155,4.636528571428571,5.43006
2024-09-21,4.3766,24.76,72.02,2.63,2024,9,21,265,38,autumn,4.4851,4.1866,5.9047,4.732185714285714,5.372506666666666
2024-09-22,4.2132,26.2,68.02,2.47,2024,9,22,266,38,autumn,4.3766,4.4851,4.4652,4.513885714285714,5.31436
2024-09-23,1.9946,24.23,78.82,1.91,2024,9,23,267,39,autumn,4.2132,4.3766,5.226,4.477885714285714,5.246206666666666
2024-09-24,5.0758,24.74,68.97,2.13,2024,9,24,268,39,autumn,1.9946,4.2132,4.7875,4.0162571428571425,5.104100000000001
2024-09-25,3.2681,24.85,69.67,2.14,2024,9,25,269,39,autumn,5.0758,1.9946,4.0702,4.057442857142857,5.05031
2024-09-26,5.537,26.35,62.38,1.95,2024,9,26,270,39,autumn,3.2681,5.0758,4.1866,3.9428571428571426,4.976373333333333
2024-09-27,5.3964,26.93,59.85,2.04,2024,9,27,271,39,autumn,5.537,3.2681,4.4851,4.135771428571429,4.956156666666667
2024-09-28,3.9871,24.16,69.78,4.76,2024,9,28,272,39,autumn,5.3964,5.537,4.3766,4.265957142857142,4.982716666666667
2024-09-29,5.6652,21.34,60.29,4.07,2024,9,29,273,39,autumn,3.9871,5.3964,4.2132,4.2103142857142855,4.929756666666666
2024-09-30,5.5435,21.55,59.23,1.83,2024,9,30,274,40,autumn,5.6652,3.9871,1.9946,4.417742857142857,4.93166
2024-10-01,5.304,23.78,63.76,2.84,2024,10,1,275,40,autumn,5.5435,5.6652,5.0758,4.924728571428572,4.917396666666666
2024-10-02,4.4402,24.24,68.92,2.81,2024,10,2,276,40,autumn,5.304,5.5435,3.2681,4.9573285714285715,4.902116666666667
2024-10-03,3.0965,23.73,72.15,4.18,2024,10,3,277,40,autumn,4.4402,5.304,5.537,5.124771428571429,4.867050000000001
2024-10-04,4.6884,21.87,58.51,3.31,2024,10,4,278,40,autumn,3.0965,4.4402,5.3964,4.776128571428572,4.77945
2024-10-05,4.0963,21.12,64.97,2.15,2024,10,5,279,40,autumn,4.6884,3.0965,3.9871,4.674985714285714,4.755513333333334
2024-10-06,4.5852,21.76,62.76,1.86,2024,10,6,280,40,autumn,4.0963,4.6884,5.6652,4.690585714285715,4.730136666666667
2024-10-07,4.177,24.05,63.17,3.95,2024,10,7,281,41,autumn,4.5852,4.0963,5.5435,4.5363,4.688416666666667
2024-10-08,2.9983,24.39,65.42,3.98,2024,10,8,282,41,autumn,4.177,4.5852,5.304,4.341085714285714,4.637656666666667
2024-10-09,4.4779,24.5,68.25,2.21,2024,10,9,283,41,autumn,2.9983,4.177,4.4402,4.0117,4.608006666666666
2024-10-10,4.0394,25.46,63.64,4.2,2024,10,10,284,41,autumn,4.4779,2.9983,3.0965,4.017085714285714,4.570173333333333
2024-10-11,3.4214,22.88,65.61,2.73,2024,10,11,285,41,autumn,4.0394,4.4779,4.6884,4.151785714285714,4.5088833333333325
2024-10-12,4.4719,23.24,62.45,1.82,2024,10,12,286,41,autumn,3.4214,4.0394,4.0963,3.9707857142857144,4.439513333333333
2024-10-13,4.2622,25.05,62.95,2.27,2024,10,13,287,41,autumn,4.4719,3.4214,4.5852,4.024442857142857,4.39316
2024-10-14,4.2782,26.33,60.79,1.94,2024,10,14,288,42,autumn,4.2622,4.4719,4.177,3.9783,4.40805
2024-10-15,4.1544,26.44,57.63,3.69,2024,10,15,289,42,autumn,4.2782,4.2622,2.9983,3.992757142857143,4.353833333333333
2024-10-16,2.7622,25.71,60.6,5.15,2024,10,16,290,42,autumn,4.1544,4.2782,4.4779,4.157914285714286,4.343473333333334
2024-10-17,2.5291,25.37,69.62,3.97,2024,10,17,291,42,autumn,2.7622,4.1544,4.0394,3.9128142857142856,4.261346666666666
2024-10-18,1.4496,21.57,78.41,3.94,2024,10,18,292,42,autumn,2.5291,2.7622,3.4214,3.697057142857143,4.186066666666666
2024-10-19,3.6298,18.9,79.67,5.03,2024,10,19,293,42,autumn,1.4496,2.5291,4.4719,3.4153714285714285,4.098713333333333
2024-10-20,3.7793,20.03,75.04,3.55,2024,10,20,294,42,autumn,3.6298,1.4496,4.2622,3.2950714285714287,4.0801533333333335
2024-10-21,3.5851,20.28,76.83,1.59,2024,10,21,295,43,autumn,3.7793,3.6298,4.2782,3.226085714285714,4.056626666666666
2024-10-22,1.1424,19.36,89.27,1.73,2024,10,22,296,43,autumn,3.5851,3.7793,4.1544,3.1270714285714285,4.030243333333334
2024-10-23,2.8085,21.29,88.79,1.84,2024,10,23,297,43,autumn,1.1424,3.5851,2.7622,2.6967857142857143,3.9278833333333334
2024-10-24,2.8445,21.57,86.22,3.64,2024,10,24,298,43,autumn,2.8085,1.1424,2.5291,2.7034,3.955013333333333
2024-10-25,3.3334,21.24,80.78,4.09,2024,10,25,299,43,autumn,2.8445,2.8085,1.4496,2.7484571428571427,3.8806366666666667
2024-10-26,2.8385,21.31,80.96,4.28,2024,10,26,300,43,autumn,3.3334,2.8445,3.6298,3.017571428571429,3.8828133333333334
2024-10-27,2.6081,21.29,86.59,3.21,2024,10,27,301,43,autumn,2.8385,3.3334,3.7793,2.9045285714285716,3.7928633333333335
2024-10-28,3.0233,22.05,84.21,4.61,2024,10,28,302,44,autumn,2.6081,2.8385,3.5851,2.7372142857142854,3.6999199999999997
2024-10-29,3.1946,21.62,86.42,3.66,2024,10,29,303,44,autumn,3.0233,2.6081,1.1424,2.656957142857143,3.6677933333333335
2024-10-30,3.3886,21.72,85.97,2.75,2024,10,30,304,44,autumn,3.1946,3.0233,2.8085,2.9501285714285714,3.5854399999999997
2024-10-31,3.4193,22.02,82.55,3.8,2024,10,31,305,44,autumn,3.3886,3.1946,2.8445,3.033,3.5136100000000003
2024-11-01,3.1874,21.56,81.18,4.2,2024,11,1,306,44,autumn,3.4193,3.3886,3.3334,3.1151142857142853,3.4507866666666667
2024-11-02,3.3634,20.9,79.69,3.15,2024,11,2,307,44,autumn,3.1874,3.4193,2.8385,3.094257142857143,3.4090266666666666
2024-11-03,2.8613,20.41,77.77,2.23,2024,11,3,308,44,autumn,3.3634,3.1874,2.6081,3.1692428571428573,3.417923333333333
2024-11-04,3.4843,20.22,78.22,1.82,2024,11,4,309,45,autumn,2.8613,3.3634,3.0233,3.2054142857142858,3.35702
2024-11-05,3.2837,20.76,81.73,2.19,2024,11,5,310,45,autumn,3.4843,2.8613,3.1946,3.271271428571428,3.3366199999999995
2024-11-06,3.1774,20.1,84.92,2.04,2024,11,6,311,45,autumn,3.2837,3.4843,3.3886,3.284,3.293236666666666
2024-11-07,2.9462,20.01,82.14,2.79,2024,11,7,312,45,autumn,3.1774,3.2837,3.4193,3.2538285714285715,3.259916666666667
2024-11-08,3.037,19.43,77.57,1.79,2024,11,8,313,45,autumn,2.9462,3.1774,3.1874,3.186242857142857,3.2581800000000003
2024-11-09,2.9184,19.56,75.55,1.21,2024,11,9,314,45,autumn,3.037,2.9462,3.3634,3.1647571428571433,3.2101499999999996
2024-11-10,2.2697,18.44,83.45,1.72,2024,11,10,315,45,autumn,2.9184,3.037,2.8613,3.1011857142857147,3.1727833333333333
2024-11-11,2.7358,17.35,82.26,1.4,2024,11,11,316,46,autumn,2.2697,2.9184,3.4843,3.0166714285714287,3.1343933333333336
2024-11-12,2.982,16.7,82.92,2.4,2024,11,12,317,46,autumn,2.7358,2.2697,3.2837,2.909742857142857,3.0765233333333333
2024-11-13,3.1085,17.28,75.96,1.81,2024,11,13,318,46,autumn,2.982,2.7358,3.1774,2.8666428571428573,3.03385
2024-11-14,2.9957,18.01,73.45,1.37,2024,11,14,319,46,autumn,3.1085,2.982,2.9462,2.8568,2.9948600000000005
2024-11-15,2.4475,17.15,81.63,2.51,2024,11,15,320,46,autumn,2.9957,3.1085,3.037,2.8638714285714286,2.956236666666667
2024-11-16,3.2618,15.78,65.73,1.32,2024,11,16,321,46,autumn,2.4475,2.9957,2.9184,2.779657142857143,2.9457466666666665
2024-11-17,3.1632,16.78,73.23,1.7,2024,11,17,322,46,autumn,3.2618,2.4475,2.2697,2.8287142857142853,2.9701700000000004
2024-11-18,2.7038,17.76,86.81,2.87,2024,11,18,323,47,autumn,3.1632,3.2618,2.7358,2.9563571428571427,3.02729
2024-11-19,3.1954,17.35,83.67,1.94,2024,11,19,324,47,autumn,2.7038,3.1632,2.982,2.951785714285714,2.996423333333333
2024-11-20,3.0478,18.63,82.51,5.08,2024,11,20,325,47,autumn,3.1954,2.7038,3.1085,2.9822714285714285,2.97696
2024-11-21,1.986,18.33,77.57,4.08,2024,11,21,326,47,autumn,3.0478,3.1954,2.9957,2.9736000000000002,2.9590499999999995
2024-11-22,2.5915,16.76,74.16,5.6,2024,11,22,327,47,autumn,1.986,3.0478,2.4475,2.8293571428571425,2.98717
2024-11-23,3.1181,14.87,63.03,3.21,2024,11,23,328,47,autumn,2.5915,1.986,3.2618,2.8499285714285714,2.9799366666666667
2024-11-24,3.1781,14.74,71.1,3.71,2024,11,24,329,47,autumn,3.1181,2.5915,3.1632,2.8294,2.989056666666666
2024-11-25,2.9602,15.62,72.54,3.74,2024,11,25,330,48,autumn,3.1781,3.1181,2.7038,2.8315285714285716,2.9838799999999996
2024-11-26,3.0696,15.34,70.46,2.36,2024,11,26,331,48,autumn,2.9602,3.1781,3.1954,2.868157142857143,2.9879366666666667
2024-11-27,2.399,16.94,68.72,1.5,2024,11,27,332,48,autumn,3.0696,2.9602,3.0478,2.8501857142857143,3.0033200000000004
2024-11-28,2.4907,16.8,77.39,1.78,2024,11,28,333,48,autumn,2.399,3.0696,1.986,2.7575,2.98251
2024-11-29,2.3304,16.88,81.31,3.61,2024,11,29,334,48,autumn,2.4907,2.399,2.5915,2.8296,2.9590466666666666
2024-11-30,2.4559,15.72,71.34,4.53,2024,11,30,335,48,autumn,2.3304,2.4907,3.1181,2.7923,2.9237733333333336
2024-12-01,2.2598,13.61,71.13,3.32,2024,12,1,336,48,winter,2.4559,2.3304,3.1781,2.6977,2.8916600000000003
2024-12-02,2.5874,15.51,75.98,3.74,2024,12,2,337,49,winter,2.2598,2.4559,2.9602,2.5665142857142853,2.8607400000000003
2024-12-03,2.3671,16.77,82.94,4.29,2024,12,3,338,49,winter,2.5874,2.2598,3.0696,2.513257142857143,2.834873333333334
2024-12-04,1.6874,14.24,86.62,2.28,2024,12,4,339,49,winter,2.3671,2.5874,2.399,2.4129,2.8184
2024-12-05,2.0074,14.57,66.7,7.05,2024,12,5,340,49,winter,1.6874,2.3671,2.4907,2.311242857142857,2.758503333333333
2024-12-06,2.6167,15.16,70.36,5.74,2024,12,6,341,49,winter,2.0074,1.6874,2.3304,2.2422,2.7159600000000004
2024-12-07,2.3254,16.75,73.29,6.62,2024,12,7,342,49,winter,2.6167,2.0074,2.4559,2.2831,2.69727
2024-12-08,2.2219,13.57,72.63,6.57,2024,12,8,343,49,winter,2.3254,2.6167,2.2598,2.2644571428571427,2.6765766666666666
2024-12-09,2.7494,11.93,79.4,4.47,2024,12,9,344,50,winter,2.2219,2.3254,2.5874,2.2590428571428576,2.6494066666666667
2024-12-10,2.9606,11.04,78.93,4.13,2024,12,10,345,50,winter,2.7494,2.2219,2.3671,2.2821857142857143,2.6437733333333333
2024-12-11,2.8766,11.23,72.83,1.88,2024,12,11,346,50,winter,2.9606,2.7494,1.6874,2.3669714285714285,2.666803333333333
2024-12-12,1.8161,15.05,89.61,2.84,2024,12,12,347,50,winter,2.8766,2.9606,2.0074,2.536857142857143,2.671496666666667
2024-12-13,2.5433,14.21,85.31,2.35,2024,12,13,348,50,winter,1.8161,2.8766,2.6167,2.509528571428571,2.632633333333333
2024-12-14,2.8973,13.18,79.66,2.58,2024,12,14,349,50,winter,2.5433,1.8161,2.3254,2.4990428571428573,2.613793333333333
2024-12-15,1.6162,13.68,74.81,4.97,2024,12,15,350,50,winter,2.8973,2.5433,2.2219,2.5807428571428566,2.610513333333333
2024-12-16,2.2428,13.54,72.71,3.55,2024,12,16,351,51,winter,1.6162,2.8973,2.7494,2.4942142857142855,2.582803333333333
2024-12-17,2.4847,12.78,76.62,2.23,2024,12,17,352,51,winter,2.2428,1.6162,2.9606,2.421842857142857,2.5488366666666664
2024-12-18,2.8776,11.26,78.65,1.93,2024,12,18,353,51,winter,2.4847,2.2428,2.8766,2.353857142857143,2.5262200000000004
2024-12-19,2.5702,13.16,75.01,2.98,2024,12,19,354,51,winter,2.8776,2.4847,1.8161,2.354,2.5320133333333334
2024-12-20,1.8043,13.57,67.41,7.77,2024,12,20,355,51,winter,2.5702,2.8776,2.5433,2.4617285714285715,2.5111733333333333
2024-12-21,1.7153,12.91,69.26,6.11,2024,12,21,356,51,winter,1.8043,2.5702,2.8973,2.3561571428571426,2.4697233333333335
2024-12-22,1.6723,13.83,78.04,5.89,2024,12,22,357,51,winter,1.7153,1.8043,1.6162,2.1873,2.4607
2024-12-23,2.111,12.25,63.35,8.81,2024,12,23,358,52,winter,1.6723,1.7153,2.2428,2.1953142857142858,2.43006
2024-12-24,2.3316,11.89,62.86,7.08,2024,12,24,359,52,winter,2.111,1.6723,2.4847,2.176485714285714,2.39649
2024-12-25,1.6315,11.41,66.98,5.32,2024,12,25,360,52,winter,2.3316,2.111,2.8776,2.1546142857142856,2.3682733333333337
2024-12-26,1.9272,11.49,78.41,3.36,2024,12,26,361,52,winter,1.6315,2.3316,2.5702,1.9765999999999997,2.3239833333333335
2024-12-27,1.4282,11.81,84.79,2.33,2024,12,27,362,52,winter,1.9272,1.6315,1.8043,1.884742857142857,2.285903333333333
2024-12-28,2.3666,12.15,82.71,3.07,2024,12,28,363,52,winter,1.4282,1.9272,1.7153,1.8310142857142857,2.253543333333333
2024-12-29,2.4086,12.69,84.97,2.69,2024,12,29,364,52,winter,2.3666,1.4282,1.6723,1.924057142857143,2.2494066666666668
2024-12-30,2.5788,11.22,82.96,1.53,2024,12,30,365,1,winter,2.4086,2.3666,2.111,2.029242857142857,2.2520133333333328
2024-12-31,2.3131,11.12,86.23,1.97,2024,12,31,366,1,winter,2.5788,2.4086,2.3316,2.0960714285714284,2.2561099999999996
2025-01-01,2.1862,12.17,88.27,2.42,2025,1,1,1,1,winter,2.3131,2.5788,1.6315,2.0934285714285714,2.2578866666666664
2025-01-02,1.7357,12.68,88.72,1.91,2025,1,2,2,1,winter,2.1862,2.3131,1.9272,2.172671428571429,2.244513333333333
2025-01-03,2.9054,12.92,84.29,3.02,2025,1,3,3,1,winter,1.7357,2.1862,1.4282,2.1453142857142855,2.2234666666666665
2025-01-04,2.0026,13.69,86.23,3.81,2025,1,4,4,1,winter,2.9054,1.7357,2.3666,2.356342857142857,2.2640666666666664
2025-01-05,3.0041,13.01,72.11,2.66,2025,1,5,5,1,winter,2.0026,2.9054,2.4086,2.3043428571428572,2.2639066666666663
2025-01-06,2.5205,12.6,64.55,2.86,2025,1,6,6,2,winter,3.0041,2.0026,2.5788,2.3894142857142855,2.2768200000000003
2025-01-07,2.9033,12.32,79.79,4.91,2025,1,7,7,2,winter,2.5205,3.0041,2.3131,2.3810857142857142,2.2833233333333336
2025-01-08,3.1152,12.58,70.52,3.21,2025,1,8,8,2,winter,2.9033,2.5205,2.1862,2.4654,2.3060366666666665
2025-01-09,2.7866,12.5,70.99,3.83,2025,1,9,9,2,winter,3.1152,2.9033,1.7357,2.598114285714286,2.3182300000000002
2025-01-10,3.0029,14.74,88.45,4.36,2025,1,10,10,2,winter,2.7866,3.1152,2.9054,2.748242857142857,2.31243
2025-01-11,3.0593,14.38,83.1,4.66,2025,1,11,11,2,winter,3.0029,2.7866,2.0026,2.7621714285714285,2.3166399999999996
2025-01-12,1.6178,13.01,76.29,5.6,2025,1,12,12,2,winter,3.0593,3.0029,3.0041,2.9131285714285715,2.35808
2025-01-13,1.8329,10.54,77.9,3.92,2025,1,13,13,3,winter,1.6178,3.0593,2.5205,2.7150857142857143,2.32723
2025-01-14,1.4599,11.15,83.02,4.27,2025,1,14,14,3,winter,1.8329,1.6178,2.9033,2.6168571428571425,2.29175
2025-01-15,2.4182,10.6,77.41,2.86,2025,1,15,15,3,winter,1.4599,1.8329,3.1152,2.410657142857143,2.2865400000000005
2025-01-16,2.7799,10.07,79.86,1.48,2025,1,16,16,3,winter,2.4182,1.4599,2.7866,2.311085714285714,2.292386666666667
2025-01-17,1.1746,11.2,92.28,2.93,2025,1,17,17,3,winter,2.7799,2.4182,3.0029,2.3101285714285713,2.302226666666667
2025-01-18,1.5958,9.96,84.82,2.64,2025,1,18,18,3,winter,1.1746,2.7799,3.0593,2.048942857142857,2.24546
2025-01-19,2.8301,11.64,82.92,2.55,2025,1,19,19,3,winter,1.5958,1.1746,1.6178,1.8398714285714288,2.21298
2025-01-20,3.175,11.83,81.35,2.87,2025,1,20,20,4,winter,2.8301,1.5958,1.8329,2.013057142857143,2.2471733333333335
2025-01-21,3.0038,11.13,68.19,1.73,2025,1,21,21,4,winter,3.175,2.8301,1.4599,2.204785714285714,2.29583
2025-01-22,2.9784,13.04,71.7,2.05,2025,1,22,22,4,winter,3.0038,3.175,2.4182,2.4253428571428572,2.3402133333333333
2025-01-23,3.0994,13.54,67.64,3.11,2025,1,23,23,4,winter,2.9784,3.0038,2.7799,2.505371428571429,2.369126666666667
2025-01-24,3.2981,13.34,81.67,2.97,2025,1,24,24,4,winter,3.0994,2.9784,1.1746,2.5510142857142855,2.39472
2025-01-25,2.821,12.96,79.19,2.13,2025,1,25,25,4,winter,3.2981,3.0994,1.5958,2.8543714285714286,2.450273333333333
2025-01-26,3.1428,13.61,78.62,2.83,2025,1,26,26,4,winter,2.821,3.2981,2.8301,3.0293999999999994,2.4800666666666666
2025-01-27,2.7818,13.73,65.97,2.7,2025,1,27,27,5,winter,3.1428,2.821,3.175,3.0740714285714286,2.53722
2025-01-28,3.2818,13.93,73.84,3.97,2025,1,28,28,5,winter,2.7818,3.1428,3.0038,3.0179,2.55106
2025-01-29,3.2246,12.22,82.02,4.26,2025,1,29,29,5,winter,3.2818,2.7818,2.9784,3.057614285714286,2.5801666666666665
2025-01-30,3.4865,10.74,76.33,2.35,2025,1,30,30,5,winter,3.2246,3.2818,3.0994,3.0927857142857142,2.601693333333334
2025-01-31,3.6607,12.87,72.06,2.1,2025,1,31,31,5,winter,3.4865,3.2246,3.2981,3.148085714285714,2.6408066666666667
2025-02-01,1.5355,12.25,93.63,1.95,2025,2,1,32,5,winter,3.6607,3.4865,2.821,3.1998857142857142,2.6899566666666668
2025-02-02,2.8728,11.7,84.3,5.11,2025,2,2,33,5,winter,1.5355,3.6607,3.1428,3.0162428571428572,2.6832833333333337
2025-02-03,2.0808,10.98,90.87,3.75,2025,2,3,34,6,winter,2.8728,1.5355,2.7818,2.9776714285714285,2.682196666666667
2025-02-04,3.3866,12.03,86.93,1.69,2025,2,4,35,6,winter,2.0808,2.8728,3.2818,2.877528571428571,2.6848033333333334
2025-02-05,3.1361,11.62,85.79,2.27,2025,2,5,36,6,winter,3.3866,2.0808,3.2246,2.8924999999999996,2.697553333333333
2025-02-06,2.8728,12.02,79.42,1.02,2025,2,6,37,6,winter,3.1361,3.3866,3.4865,2.879857142857143,2.7180733333333333
2025-02-07,1.3426,11.02,83.51,1.2,2025,2,7,38,6,winter,2.8728,3.1361,3.6607,2.7921857142857145,2.7170566666666662
2025-02-08,2.3506,11.76,83.85,1.25,2025,2,8,39,6,winter,1.3426,2.8728,1.5355,2.4610285714285713,2.6579699999999997
2025-02-09,2.9263,11.34,83.12,4.79,2025,2,9,40,6,winter,2.3506,1.3426,2.8728,2.5774714285714286,2.6434366666666667
2025-02-10,2.479,11.94,85.16,2.1,2025,2,10,41,7,winter,2.9263,2.3506,2.0808,2.585114285714286,2.6408833333333335
2025-02-11,2.6294,12.37,86.82,3.5,2025,2,11,42,7,winter,2.479,2.9263,3.3866,2.642,2.62154
2025-02-12,4.1093,12.8,78.16,2.49,2025,2,12,43,7,winter,2.6294,2.479,3.1361,2.5338285714285713,2.6552599999999997
2025-02-13,3.4771,12.64,79.87,1.74,2025,2,13,44,7,winter,4.1093,2.6294,2.8728,2.672857142857143,2.7311400000000003
2025-02-14,3.283,13.46,84.76,4.25,2025,2,14,45,7,winter,3.4771,4.1093,1.3426,2.759185714285714,2.79838
2025-02-15,3.179,12.29,78.72,5.47,2025,2,15,46,7,winter,3.283,3.4771,2.3506,3.0363857142857142,2.8272066666666666
2025-02-16,4.3766,12.02,78.13,1.99,2025,2,16,47,7,winter,3.179,3.283,2.9263,3.154728571428571,2.84051
2025-02-17,3.7682,11.89,80.55,2.29,2025,2,17,48,8,winter,4.3766,3.179,2.479,3.3619142857142856,2.947243333333333
2025-02-18,4.2499,13.1,84.31,1.79,2025,2,18,49,8,winter,3.7682,4.3766,2.6294,3.5460857142857143,3.019656666666667
2025-02-19,4.3402,12.33,79.62,2.61,2025,2,19,50,8,winter,4.2499,3.7682,4.1093,3.7775857142857143,3.0669833333333334
2025-02-20,4.2017,13.29,77.51,2.18,2025,2,20,51,8,winter,4.3402,4.2499,3.4771,3.8105714285714285,3.1058233333333334
2025-02-21,3.7762,13.94,83.45,1.72,2025,2,21,52,8,winter,4.2017,4.3402,3.283,3.9140857142857146,3.145753333333333
2025-02-22,4.2797,13.59,78.53,3.93,2025,2,22,53,8,winter,3.7762,4.2017,3.179,3.984542857142857,3.172346666666667
2025-02-23,4.4837,13.5,78.21,4.34,2025,2,23,54,8,winter,4.2797,3.7762,4.3766,4.141785714285715,3.2116899999999995
2025-02-24,4.055,13.32,80.46,1.64,2025,2,24,55,9,winter,4.4837,4.2797,3.7682,4.1570857142857145,3.2512100000000004
2025-02-25,4.2979,14.1,79.18,1.68,2025,2,25,56,9,winter,4.055,4.4837,4.2499,4.1980571428571425,3.292343333333333
2025-02-26,1.5456,12.16,78.99,4.38,2025,2,26,57,9,winter,4.2979,4.055,4.3402,4.204914285714286,3.3308466666666665
2025-02-27,4.4758,12.81,74.32,4.46,2025,2,27,58,9,winter,1.5456,4.2979,4.2017,3.8056857142857146,3.28964
2025-02-28,4.0404,12.97,75.53,2.13,2025,2,28,59,9,winter,4.4758,1.5456,3.7762,3.844842857142857,3.32944
2025-03-01,3.6878,14.45,69.55,3.43,2025,3,1,60,9,spring,4.0404,4.4758,4.2797,3.882585714285714,3.3566333333333334
2025-03-02,1.6075,14.7,88.0,2.97,2025,3,2,61,9,spring,3.6878,4.0404,4.4837,3.798028571428571,3.3633433333333334
2025-03-03,4.3289,14.53,82.22,1.84,2025,3,3,62,10,spring,1.6075,3.6878,4.055,3.3871428571428575,3.294903333333333
2025-03-04,4.3889,14.13,83.78,3.0,2025,3,4,63,10,spring,4.3289,1.6075,4.2979,3.426271428571429,3.3880166666666667
2025-03-05,3.9235,13.7,83.89,4.19,2025,3,5,64,10,spring,4.3889,4.3289,1.5456,3.4392714285714283,3.438553333333333
2025-03-06,1.2883,13.59,87.37,4.98,2025,3,6,65,10,spring,3.9235,4.3889,4.4758,3.7789714285714284,3.499976666666667
2025-03-07,2.2918,13.97,88.84,3.4,2025,3,7,66,10,spring,1.2883,3.9235,4.0404,3.3236142857142856,3.4300333333333333
2025-03-08,4.3464,14.84,84.75,2.33,2025,3,8,67,10,spring,2.2918,1.2883,3.6878,3.0738142857142856,3.4018900000000003
2025-03-09,4.476,16.02,75.67,4.6,2025,3,9,68,10,spring,4.3464,2.2918,1.6075,3.1679,3.4510100000000006
2025-03-10,4.3286,16.39,80.8,1.35,2025,3,10,69,11,spring,4.476,4.3464,4.3289,3.5776857142857144,3.5554566666666667
2025-03-11,4.8324,16.38,79.05,1.8,2025,3,11,70,11,spring,4.3286,4.476,4.3889,3.5776428571428567,3.62139
2025-03-12,3.1848,14.43,85.11,3.08,2025,3,12,71,11,spring,4.8324,4.3286,3.9235,3.6409999999999996,3.684926666666667
2025-03-13,4.7059,16.19,71.35,2.94,2025,3,13,72,11,spring,3.1848,4.8324,1.2883,3.535471428571429,3.7084533333333334
2025-03-14,3.9919,16.66,79.91,1.79,2025,3,14,73,11,spring,4.7059,3.1848,2.2918,4.0237,3.77767
2025-03-15,4.591,15.34,82.76,2.89,2025,3,15,74,11,spring,3.9919,4.7059,4.3464,4.266571428571429,3.7737566666666664
2025-03-16,5.1096,13.84,73.14,2.64,2025,3,16,75,11,spring,4.591,3.9919,4.476,4.301514285714285,3.8108866666666668
2025-03-17,5.5164,14.75,78.52,2.53,2025,3,17,76,12,spring,5.1096,4.591,4.3286,4.392028571428571,3.871773333333333
2025-03-18,5.2102,15.36,82.17,2.1,2025,3,18,77,12,spring,5.5164,5.1096,4.8324,4.561714285714286,3.9496866666666666
2025-03-19,4.0457,15.7,83.15,4.29,2025,3,19,78,12,spring,5.2102,5.5164,3.1848,4.615685714285715,3.9774733333333336
2025-03-20,5.1866,15.48,76.05,5.77,2025,3,20,79,12,spring,4.0457,5.2102,4.7059,4.738671428571428,3.986723333333333
2025-03-21,4.957,16.46,77.51,5.98,2025,3,21,80,12,spring,5.1866,4.0457,3.9919,4.807342857142857,4.017946666666666
2025-03-22,4.7136,16.82,83.68,2.66,2025,3,22,81,12,spring,4.957,5.1866,4.591,4.945214285714286,4.038506666666667
2025-03-23,5.1374,16.02,78.75,3.63,2025,3,23,82,12,spring,4.7136,4.957,5.1096,4.962728571428571,4.05557
2025-03-24,5.2025,16.16,75.84,2.04,2025,3,24,83,13,spring,5.1374,4.7136,5.5164,4.9667,4.100943333333333
2025-03-25,4.1976,14.5,75.24,3.29,2025,3,25,84,13,spring,5.2025,5.1374,5.2102,4.921857142857143,4.131703333333333
2025-03-26,5.0378,14.39,75.79,4.88,2025,3,26,85,13,spring,4.1976,5.2025,4.0457,4.7772,4.122166666666667
2025-03-27,4.2665,14.35,75.38,6.11,2025,3,27,86,13,spring,5.0378,4.1976,5.1866,4.918928571428571,4.154926666666666
2025-03-28,4.985,14.27,73.65,5.58,2025,3,28,87,13,spring,4.2665,5.0378,4.957,4.787485714285714,4.15388
2025-03-29,4.0118,13.6,76.35,6.05,2025,3,29,88,13,spring,4.985,4.2665,4.7136,4.791485714285714,4.268526666666667
2025-03-30,4.5502,12.63,83.79,4.16,2025,3,30,89,13,spring,4.0118,4.985,5.1374,4.691228571428572,4.2530600000000005
2025-03-31,3.8054,14.26,81.07,6.06,2025,3,31,90,14,spring,4.5502,4.0118,5.2025,4.607342857142858,4.270053333333333
2025-04-01,5.8277,13.96,69.4,4.87,2025,4,1,91,14,spring,3.8054,4.5502,4.1976,4.407757142857143,4.273973333333333
2025-04-02,6.1008,14.35,64.72,1.93,2025,4,2,92,14,spring,5.8277,3.8054,5.0378,4.6406285714285715,4.414646666666667
2025-04-03,5.8908,15.29,73.87,2.92,2025,4,3,93,14,spring,6.1008,5.8277,4.2665,4.792485714285715,4.47371
2025-04-04,5.8783,16.37,76.37,3.88,2025,4,4,94,14,spring,5.8908,6.1008,4.985,5.024528571428571,4.523773333333334
2025-04-05,5.0866,16.2,82.47,2.85,2025,4,5,95,14,spring,5.8783,5.8908,4.0118,5.152142857142857,4.588933333333333
2025-04-06,5.004,15.39,82.05,3.13,2025,4,6,96,14,spring,5.0866,5.8783,4.5502,5.305685714285715,4.715543333333334
2025-04-07,5.6875,15.12,78.15,2.62,2025,4,7,97,15,spring,5.004,5.0866,3.8054,5.370514285714285,4.80595
2025-04-08,5.7055,15.29,69.56,1.59,2025,4,8,98,15,spring,5.6875,5.004,5.8277,5.639385714285714,4.850653333333333
2025-04-09,5.8558,15.99,76.62,3.21,2025,4,9,99,15,spring,5.7055,5.6875,6.1008,5.621928571428571,4.891636666666667
2025-04-10,4.8955,16.19,83.83,2.94,2025,4,10,100,15,spring,5.8558,5.7055,5.8908,5.5869285714285715,4.942543333333333
2025-04-11,6.7265,16.43,69.29,2.83,2025,4,11,101,15,spring,4.8955,5.8558,5.8783,5.444742857142857,4.944646666666666
2025-04-12,5.0086,18.12,82.08,2.29,2025,4,12,102,15,spring,6.7265,4.8955,5.0866,5.565914285714285,5.062703333333333
2025-04-13,2.8985,18.93,77.7,5.33,2025,4,13,103,15,spring,5.0086,6.7265,5.004,5.554771428571429,5.072793333333334
2025-04-14,1.9207,18.19,81.2,2.72,2025,4,14,104,16,spring,2.8985,5.0086,5.6875,5.253985714285714,5.036346666666666
2025-04-15,5.9095,18.07,76.15,1.89,2025,4,15,105,16,spring,1.9207,2.8985,5.7055,4.715871428571428,4.947336666666667
2025-04-16,3.1478,14.49,86.69,3.02,2025,4,16,106,16,spring,5.9095,1.9207,5.8558,4.745014285714285,4.974
2025-04-17,6.4001,14.95,73.31,5.1,2025,4,17,107,16,spring,3.1478,5.9095,4.8955,4.358157142857143,4.895046666666667
2025-04-18,6.8659,16.58,75.27,2.38,2025,4,18,108,16,spring,6.4001,3.1478,6.7265,4.573100000000001,4.93471
2025-04-19,6.7135,19.41,66.72,2.66,2025,4,19,109,16,spring,6.8659,6.4001,5.0086,4.593014285714285,5.028716666666666
2025-04-20,6.3226,18.75,74.22,1.66,2025,4,20,110,16,spring,6.7135,6.8659,2.8985,4.836571428571429,5.079613333333333
2025-04-21,1.7832,14.27,88.56,4.43,2025,4,21,111,17,spring,6.3226,6.7135,1.9207,5.325728571428571,5.125133333333333
2025-04-22,6.103,16.24,75.94,4.17,2025,4,22,112,17,spring,1.7832,6.3226,5.9095,5.3060857142857145,5.027453333333333
2025-04-23,6.8119,15.98,77.36,4.43,2025,4,23,113,17,spring,6.103,1.7832,3.1478,5.333728571428572,5.05964
2025-04-24,7.0356,17.02,78.05,4.59,2025,4,24,114,17,spring,6.8119,6.103,6.4001,5.857171428571428,5.113286666666667
2025-04-25,7.1182,17.26,75.25,3.63,2025,4,25,115,17,spring,7.0356,6.8119,6.8659,5.947957142857142,5.207886666666666
2025-04-26,6.252,16.51,76.37,2.81,2025,4,26,116,17,spring,7.1182,7.0356,6.7135,5.984,5.277233333333333
2025-04-27,6.2422,16.82,75.32,1.48,2025,4,27,117,17,spring,6.252,7.1182,6.3226,5.918071428571428,5.343416666666667
2025-04-28,5.2937,16.3,78.04,1.81,2025,4,28,118,18,spring,6.2422,6.252,1.7832,5.906585714285714,5.385323333333333
2025-04-29,6.7618,16.99,75.58,1.64,2025,4,29,119,18,spring,5.2937,6.2422,6.103,6.408085714285714,5.428053333333334
2025-04-30,7.0721,18.09,67.12,2.8,2025,4,30,120,18,spring,6.7618,5.2937,6.8119,6.5022,5.501773333333333
2025-05-01,7.8943,19.24,65.23,2.83,2025,5,1,121,18,spring,7.0721,6.7618,7.0356,6.539371428571428,5.610663333333333
2025-05-02,7.6068,20.37,67.06,3.8,2025,5,2,122,18,spring,7.8943,7.0721,7.1182,6.662042857142858,5.67955
2025-05-03,7.067,22.48,65.44,3.88,2025,5,3,123,18,spring,7.6068,7.8943,6.252,6.7318428571428575,5.72975
2025-05-04,2.0995,20.86,74.96,1.85,2025,5,4,124,18,spring,7.067,7.6068,6.2422,6.848271428571429,5.768956666666666
2025-05-05,5.9285,20.25,69.94,1.94,2025,5,5,125,19,spring,2.0995,7.067,5.2937,6.256457142857143,5.642996666666666
2025-05-06,5.639,19.51,71.52,2.26,2025,5,6,126,19,spring,5.9285,2.0995,6.7618,6.347142857142857,5.67106
2025-05-07,6.7452,19.29,74.48,1.69,2025,5,7,127,19,spring,5.639,5.9285,7.0721,6.186742857142858,5.6922266666666665
2025-05-08,4.9798,19.55,81.61,2.15,2025,5,8,128,19,spring,6.7452,5.639,7.8943,6.140042857142857,5.727483333333334
2025-05-09,6.563,19.05,83.18,1.7,2025,5,9,129,19,spring,4.9798,6.7452,7.6068,5.723685714285714,5.703293333333333
2025-05-10,6.9742,20.25,76.15,2.51,2025,5,10,130,19,spring,6.563,4.9798,7.067,5.574571428571429,5.726866666666667
2025-05-11,5.5387,19.79,80.77,2.7,2025,5,11,131,19,spring,6.9742,6.563,2.0995,5.561314285714286,5.796156666666667
2025-05-12,7.1112,19.72,78.5,3.46,2025,5,12,132,20,spring,5.5387,6.9742,5.9285,6.0526285714285715,5.756563333333333
2025-05-13,7.7806,19.75,71.2,2.28,2025,5,13,133,20,spring,7.1112,5.5387,5.639,6.221585714285714,5.82665
2025-05-14,5.6846,19.63,73.04,2.99,2025,5,14,134,20,spring,7.7806,7.1112,6.7452,6.5275285714285705,5.989386666666666
2025-05-15,4.2499,18.3,85.56,4.55,2025,5,15,135,20,spring,5.6846,7.7806,4.9798,6.376014285714286,6.114850000000001
2025-05-16,4.8305,18.52,81.69,5.38,2025,5,16,136,20,spring,4.2499,5.6846,6.563,6.271742857142856,6.05953
2025-05-17,7.4239,19.52,70.83,3.43,2025,5,17,137,20,spring,4.8305,4.2499,6.9742,6.024242857142857,6.115620000000001
2025-05-18,7.224,22.09,60.57,1.54,2025,5,18,138,20,spring,7.4239,4.8305,5.5387,6.0884857142857145,6.149746666666667
2025-05-19,7.9152,23.79,63.26,1.77,2025,5,19,139,21,spring,7.224,7.4239,7.1112,6.329242857142857,6.161683333333333
2025-05-20,5.9947,23.02,65.06,3.02,2025,5,20,140,21,spring,7.9152,7.224,7.7806,6.4441,6.20174
2025-05-21,7.8365,20.29,72.78,3.51,2025,5,21,141,21,spring,5.9947,7.9152,5.6846,6.188971428571429,6.19081
2025-05-22,5.4713,21.55,68.87,1.38,2025,5,22,142,21,spring,7.8365,5.9947,4.2499,6.496385714285714,6.392586666666667
2025-05-23,7.3015,19.57,67.41,4.86,2025,5,23,143,21,spring,5.4713,7.8365,4.8305,6.670871428571429,6.371530000000001
2025-05-24,3.3826,18.67,71.18,4.11,2025,5,24,144,21,spring,7.3015,5.4713,7.4239,7.02387142857143,6.387849999999999
2025-05-25,7.9675,19.6,72.29,5.41,2025,5,25,145,21,spring,3.3826,7.3015,7.224,6.446542857142857,6.2660833333333334
2025-05-26,8.3962,20.41,66.71,3.05,2025,5,26,146,22,spring,7.9675,3.3826,7.9152,6.552757142857144,6.294393333333334
2025-05-27,8.0698,21.24,65.36,3.53,2025,5,27,147,22,spring,8.3962,7.9675,5.9947,6.62147142857143,6.365866666666666
2025-05-28,7.8175,20.62,69.08,4.82,2025,5,28,148,22,spring,8.0698,8.3962,7.8365,6.917914285714287,6.426786666666667
2025-05-29,8.1139,21.72,69.06,6.51,2025,5,29,149,22,spring,7.8175,8.0698,5.4713,6.9152000000000005,6.510913333333334
2025-05-30,8.1151,21.86,70.29,2.4,2025,5,30,150,22,spring,8.1139,7.8175,7.3015,7.292714285714287,6.555983333333334
2025-05-31,8.3462,22.37,64.9,2.16,2025,5,31,151,22,spring,8.1151,8.1139,3.3826,7.408942857142857,6.59075
2025-06-01,8.2397,23.46,59.5,2.0,2025,6,1,152,22,summer,8.3462,8.1151,7.9675,8.118028571428571,6.605813333333334
2025-06-02,8.3489,23.34,53.93,5.05,2025,6,2,153,23,summer,8.2397,8.3462,8.3962,8.156914285714285,6.62691
2025-06-03,7.3579,24.68,60.94,4.71,2025,6,3,154,23,summer,8.3489,8.2397,8.0698,8.150157142857143,6.66964
2025-06-04,7.9858,26.09,60.69,2.59,2025,6,4,155,23,summer,7.3579,8.3489,7.8175,8.048457142857142,6.84492
2025-06-05,7.2019,26.78,58.63,1.51,2025,6,5,156,23,summer,7.9858,7.3579,8.1139,8.0725,6.913496666666666
2025-06-06,7.5883,27.45,48.49,2.99,2025,6,6,157,23,summer,7.2019,7.9858,8.1151,7.942214285714285,6.9655933333333335
2025-06-07,7.4674,29.25,40.17,3.17,2025,6,7,158,23,summer,7.5883,7.2019,8.3462,7.866957142857143,6.993696666666667
2025-06-08,7.6339,26.9,52.74,2.24,2025,6,8,159,23,summer,7.4674,7.5883,8.2397,7.741414285714286,7.076616666666666
2025-06-09,8.2289,25.43,60.6,2.87,2025,6,9,160,24,summer,7.6339,7.4674,8.3489,7.654871428571428,7.112313333333333
2025-06-10,7.2029,24.6,63.32,3.46,2025,6,10,161,24,summer,8.2289,7.6339,7.3579,7.637728571428572,7.154136666666667
2025-06-11,7.4827,23.7,72.78,2.36,2025,6,11,162,24,summer,7.2029,8.2289,7.9858,7.615585714285714,7.20961
2025-06-12,7.409,24.66,64.63,1.73,2025,6,12,163,24,summer,7.4827,7.2029,7.2019,7.5437142857142865,7.221993333333333
2025-06-13,8.0587,26.3,56.28,2.56,2025,6,13,164,24,summer,7.409,7.4827,7.5883,7.573300000000001,7.209606666666668
2025-06-14,7.8317,26.78,47.91,1.78,2025,6,14,165,24,summer,8.0587,7.409,7.4674,7.6405,7.288743333333333
2025-06-15,7.4364,28.03,44.85,1.47,2025,6,15,166,24,summer,7.8317,8.0587,7.6339,7.692542857142857,7.408136666666667
2025-06-16,7.6572,28.51,45.03,2.39,2025,6,16,167,25,summer,7.4364,7.8317,8.2289,7.664328571428571,7.495
2025-06-17,7.9142,26.93,59.62,4.32,2025,6,17,168,25,summer,7.6572,7.4364,7.2029,7.582657142857143,7.502776666666666
2025-06-18,7.3008,25.16,69.59,4.09,2025,6,18,169,25,summer,7.9142,7.6572,7.4827,7.684271428571429,7.525783333333334
2025-06-19,5.1067,24.16,74.03,3.66,2025,6,19,170,25,summer,7.3008,7.9142,7.409,7.6582857142857135,7.505303333333333
2025-06-20,6.7812,25.45,69.46,3.41,2025,6,20,171,25,summer,5.1067,7.3008,8.0587,7.329385714285714,7.475703333333334
2025-06-21,7.6488,26.39,66.23,2.76,2025,6,21,172,25,summer,6.7812,5.1067,7.8317,7.146885714285714,7.440526666666667
2025-06-22,7.5571,27.47,54.11,1.96,2025,6,22,173,25,summer,7.6488,6.7812,7.4364,7.120757142857143,7.513109999999999
2025-06-23,7.3073,28.16,52.65,1.97,2025,6,23,174,26,summer,7.5571,7.6488,7.6572,7.138,7.52163
2025-06-24,7.4794,28.89,52.38,1.61,2025,6,24,175,26,summer,7.3073,7.5571,7.9142,7.088014285714285,7.652453333333333
2025-06-25,8.1734,30.61,44.25,2.58,2025,6,25,176,26,summer,7.4794,7.3073,7.3008,7.025899999999999,7.636183333333333
2025-06-26,8.1401,30.32,51.06,2.19,2025,6,26,177,26,summer,8.1734,7.4794,5.1067,7.150557142857143,7.628756666666666
2025-06-27,7.4472,28.06,69.16,4.4,2025,6,27,178,26,summer,8.1401,8.1734,6.7812,7.5839,7.631100000000001
2025-06-28,7.0001,27.17,68.71,5.6,2025,6,28,179,26,summer,7.4472,8.1401,7.6488,7.679042857142858,7.618756666666666
2025-06-29,6.9732,27.84,69.19,3.85,2025,6,29,180,26,summer,7.0001,7.4472,7.5571,7.586371428571428,7.5816300000000005
2025-06-30,7.3138,27.85,66.42,2.37,2025,6,30,181,27,summer,6.9732,7.0001,7.3073,7.502957142857142,7.543566666666666
2025-07-01,8.3695,29.02,55.02,1.77,2025,7,1,182,27,summer,7.3138,6.9732,7.4794,7.5038857142857145,7.509153333333333
2025-07-02,8.0832,30.19,48.02,2.3,2025,7,2,183,27,summer,8.3695,7.3138,8.1734,7.631042857142858,7.5134799999999995
2025-07-03,7.4887,29.66,61.1,1.8,2025,7,3,184,27,summer,8.0832,8.3695,8.1401,7.618157142857142,7.504623333333333
2025-07-04,7.1326,28.94,61.44,1.92,2025,7,4,185,27,summer,7.4887,8.0832,7.4472,7.5251,7.508983333333333
2025-07-05,7.3685,29.54,58.71,1.72,2025,7,5,186,27,summer,7.1326,7.4887,7.0001,7.480157142857142,7.480543333333332
2025-07-06,7.4777,30.64,54.05,1.32,2025,7,6,187,27,summer,7.3685,7.1326,6.9732,7.532785714285715,7.486096666666667
2025-07-07,7.5019,31.53,50.62,1.54,2025,7,7,188,28,summer,7.4777,7.3685,7.3138,7.604857142857143,7.48241
2025-07-08,7.3826,29.41,57.29,4.03,2025,7,8,189,28,summer,7.5019,7.4777,8.3695,7.631728571428572,7.48356
2025-07-09,7.9493,27.12,51.79,5.12,2025,7,9,190,28,summer,7.3826,7.5019,8.0832,7.490742857142857,7.475183333333334
2025-07-10,7.8451,25.71,55.33,3.58,2025,7,10,191,28,summer,7.9493,7.3826,7.4887,7.471614285714286,7.465863333333333
2025-07-11,7.5413,26.88,50.68,2.24,2025,7,11,192,28,summer,7.8451,7.9493,7.1326,7.5225285714285715,7.48727
2025-07-12,7.2221,29.26,52.1,4.28,2025,7,12,193,28,summer,7.5413,7.8451,7.3685,7.580914285714285,7.489223333333333
2025-07-13,7.1299,31.76,48.2,3.12,2025,7,13,194,28,summer,7.2221,7.5413,7.4777,7.5600000000000005,7.482993333333334
2025-07-14,7.1386,28.92,61.24,2.42,2025,7,14,195,29,summer,7.1299,7.2221,7.5019,7.510314285714286,7.4520333333333335
2025-07-15,7.4582,29.09,54.48,1.73,2025,7,15,196,29,summer,7.1386,7.1299,7.3826,7.458414285714285,7.428929999999999
2025-07-16,7.6786,28.86,59.04,5.4,2025,7,16,197,29,summer,7.4582,7.1386,7.9493,7.469214285714285,7.429656666666667
2025-07-17,7.9898,28.21,59.68,6.96,2025,7,17,198,29,summer,7.6786,7.4582,7.8451,7.430542857142858,7.43037
2025-07-18,7.7486,28.15,63.13,3.9,2025,7,18,199,29,summer,7.9898,7.6786,7.5413,7.451214285714286,7.4328899999999996
2025-07-19,7.9543,31.02,50.04,3.77,2025,7,19,200,29,summer,7.7486,7.9898,7.2221,7.480828571428572,7.447816666666667
2025-07-20,7.5365,31.08,47.54,2.52,2025,7,20,201,29,summer,7.9543,7.7486,7.1299,7.585428571428571,7.542736666666666
2025-07-21,6.2863,32.98,42.03,3.5,2025,7,21,202,30,summer,7.5365,7.9543,7.1386,7.643514285714285,7.567913333333333
2025-07-22,7.6313,29.2,53.0,3.84,2025,7,22,203,30,summer,6.2863,7.5365,7.4582,7.521757142857143,7.522496666666667
2025-07-23,7.5074,31.29,48.54,2.14,2025,7,23,204,30,summer,7.6313,6.2863,7.6786,7.546485714285715,7.52497
2025-07-24,5.7818,33.74,46.35,2.86,2025,7,24,205,30,summer,7.5074,7.6313,7.9898,7.522028571428572,7.5316399999999994
2025-07-25,6.2498,29.41,66.16,4.46,2025,7,25,206,30,summer,5.7818,7.5074,7.7486,7.2066,7.475053333333333
2025-07-26,6.606,25.88,67.08,5.72,2025,7,26,207,30,summer,6.2498,5.7818,7.9543,6.992485714285714,7.410933333333333
2025-07-27,7.0985,25.73,64.38,6.13,2025,7,27,208,30,summer,6.606,6.2498,7.5365,6.799871428571429,7.359796666666666
2025-07-28,7.0913,25.88,65.45,5.52,2025,7,28,209,31,summer,7.0985,6.606,6.2863,6.737299999999999,7.3481733333333334
2025-07-29,7.1302,24.84,63.97,6.35,2025,7,29,210,31,summer,7.0913,7.0985,7.6313,6.8523,7.351213333333334
2025-07-30,7.0392,24.65,66.21,5.27,2025,7,30,211,31,summer,7.1302,7.0913,7.5074,6.780714285714287,7.356446666666668
2025-07-31,7.2401,24.27,66.7,4.3,2025,7,31,212,31,summer,7.0392,7.1302,5.7818,6.713828571428571,7.347293333333334
2025-08-01,7.0531,25.43,62.88,1.95,2025,8,1,213,31,summer,7.2401,7.0392,6.2498,6.922157142857143,7.309646666666667
2025-08-02,7.0999,26.41,61.95,2.09,2025,8,2,214,31,summer,7.0531,7.2401,6.606,7.036914285714286,7.27531
2025-08-03,6.9432,26.04,65.25,3.46,2025,8,3,215,31,summer,7.0999,7.0531,7.0985,7.107471428571428,7.2623500000000005
2025-08-04,7.4417,24.68,63.14,4.08,2025,8,4,216,32,summer,6.9432,7.0999,7.0913,7.085285714285715,7.256036666666668
2025-08-05,7.1237,24.48,68.56,3.5,2025,8,5,217,32,summer,7.4417,6.9432,7.1302,7.135342857142858,7.258476666666667
2025-08-06,7.4741,26.13,67.88,2.82,2025,8,6,218,32,summer,7.1237,7.4417,7.0392,7.134414285714286,7.2466766666666675
2025-08-07,7.4309,27.4,57.85,1.86,2025,8,7,219,32,summer,7.4741,7.1237,7.2401,7.196542857142858,7.24575
2025-08-08,7.3759,27.24,58.92,2.08,2025,8,8,220,32,summer,7.4309,7.4741,7.0531,7.2238,7.2473600000000005
2025-08-09,6.7766,27.95,58.02,2.23,2025,8,9,221,32,summer,7.3759,7.4309,7.0999,7.269914285714285,7.228246666666666
2025-08-10,6.6494,28.46,54.16,1.83,2025,8,10,222,32,summer,6.7766,7.3759,6.9432,7.2237285714285715,7.192629999999999
2025-08-11,6.8383,27.39,63.93,3.01,2025,8,11,223,33,summer,6.6494,6.7766,7.4417,7.181757142857143,7.1629
2025-08-12,6.7015,27.29,64.47,3.95,2025,8,12,224,33,summer,6.8383,6.6494,7.1237,7.095557142857143,7.150106666666667
2025-08-13,6.3958,27.12,72.46,2.45,2025,8,13,225,33,summer,6.7015,6.8383,7.4741,7.0352428571428565,7.135826666666666
2025-08-14,6.5398,27.59,63.04,1.62,2025,8,14,226,33,summer,6.3958,6.7015,7.4309,6.8812,7.111066666666667
2025-08-15,6.3794,27.57,60.47,2.55,2025,8,15,227,33,summer,6.5398,6.3958,7.3759,6.7539,7.080453333333334
2025-08-16,5.5685,27.07,73.15,3.5,2025,8,16,228,33,summer,6.3794,6.5398,6.7766,6.611542857142858,7.0371466666666675
2025-08-17,5.9359,27.94,69.82,4.39,2025,8,17,229,33,summer,5.5685,6.3794,6.6494,6.438957142857143,6.956436666666667
2025-08-18,5.953,27.38,68.98,2.58,2025,8,18,230,34,summer,5.9359,5.5685,6.8383,6.337028571428571,6.896013333333332
2025-08-19,6.6118,29.31,58.05,2.78,2025,8,19,231,34,summer,5.953,5.9359,6.7015,6.210557142857143,6.829303333333333
2025-08-20,5.8558,30.26,54.23,4.12,2025,8,20,232,34,summer,6.6118,5.953,6.3958,6.197742857142857,6.7984800000000005
2025-08-21,5.9366,27.51,72.25,3.26,2025,8,21,233,34,summer,5.8558,6.6118,6.5398,6.1206000000000005,6.78413
2025-08-22,6.2616,27.03,64.97,3.23,2025,8,22,234,34,summer,5.9366,5.8558,6.3794,6.034428571428571,6.727639999999999
2025-08-23,6.0094,26.54,60.42,3.27,2025,8,23,235,34,summer,6.2616,5.9366,5.5685,6.0176,6.686113333333334
2025-08-24,6.1294,26.77,59.78,2.73,2025,8,24,236,34,summer,6.0094,6.2616,5.9359,6.080585714285713,6.693700000000001
2025-08-25,6.6398,28.28,54.51,2.11,2025,8,25,237,35,summer,6.1294,6.0094,5.953,6.108228571428572,6.689686666666668
2025-08-26,5.6722,30.26,51.2,2.54,2025,8,26,238,35,summer,6.6398,6.1294,6.6118,6.206342857142857,6.690813333333334
2025-08-27,6.3977,32.14,49.78,3.89,2025,8,27,239,35,summer,5.6722,6.6398,5.8558,6.072114285714286,6.64327
2025-08-28,5.8404,30.33,58.82,3.35,2025,8,28,240,35,summer,6.3977,5.6722,5.9366,6.149528571428571,6.62015
2025-08-29,4.7282,28.56,64.14,3.15,2025,8,29,241,35,summer,5.8404,6.3977,6.2616,6.135785714285715,6.577156666666666
2025-08-30,5.7768,26.8,63.68,4.37,2025,8,30,242,35,summer,4.7282,5.8404,6.0094,5.916728571428572,6.500123333333334
2025-08-31,6.5657,27.83,51.39,2.16,2025,8,31,243,35,summer,5.7768,4.7282,6.1294,5.8835,6.451346666666667
2025-09-01,5.9465,30.29,50.0,2.99,2025,9,1,244,36,autumn,6.5657,5.7768,6.6398,5.945828571428571,6.4351
2025-09-02,3.7121,26.72,67.33,3.52,2025,9,2,245,36,autumn,5.9465,6.5657,5.6722,5.846785714285714,6.396653333333333
2025-09-03,5.4602,25.48,56.76,2.93,2025,9,3,246,36,autumn,3.7121,5.9465,6.3977,5.566771428571428,6.28895
2025-09-04,6.6814,26.17,57.03,2.54,2025,9,4,247,36,autumn,5.4602,3.7121,5.8404,5.432842857142857,6.2229
2025-09-05,6.5182,26.52,54.5,2.05,2025,9,5,248,36,autumn,6.6814,5.4602,4.7282,5.552985714285714,6.2081566666666665
2025-09-06,5.6832,27.37,56.02,2.53,2025,9,6,249,36,autumn,6.5182,6.6814,5.7768,5.8087,6.176293333333334
2025-09-07,5.0854,28.58,59.65,1.83,2025,9,7,250,36,autumn,5.6832,6.5182,6.5657,5.795328571428572,6.118036666666667
2025-09-08,4.8907,30.53,49.04,1.77,2025,9,8,251,37,autumn,5.0854,5.6832,5.9465,5.583857142857143,6.041686666666667
2025-09-09,4.3985,31.05,47.35,2.51,2025,9,9,252,37,autumn,4.8907,5.0854,3.7121,5.433028571428572,5.9788233333333345
2025-09-10,3.6098,25.82,72.02,3.38,2025,9,10,253,37,autumn,4.3985,4.8907,5.4602,5.531085714285715,5.903793333333334
2025-09-11,5.4238,25.59,67.47,3.98,2025,9,11,254,37,autumn,3.6098,4.3985,6.6814,5.266742857142858,5.796176666666667
2025-09-12,5.8066,25.38,65.53,3.59,2025,9,12,255,37,autumn,5.4238,3.6098,6.5182,5.087085714285714,5.753586666666667
2025-09-13,5.9162,25.47,59.56,2.08,2025,9,13,256,37,autumn,5.8066,5.4238,5.6832,4.985428571428572,5.733946666666667
2025-09-14,5.6923,26.44,59.3,2.39,2025,9,14,257,37,autumn,5.9162,5.8066,5.0854,5.018714285714286,5.71316
2025-09-15,6.0538,26.33,65.53,2.2,2025,9,15,258,38,autumn,5.6923,5.9162,4.8907,5.105414285714287,5.6902566666666665
2025-09-16,6.0614,27.2,55.4,1.85,2025,9,16,259,38,autumn,6.0538,5.6923,4.3985,5.271571428571428,5.706433333333333
2025-09-17,5.0635,26.16,71.13,4.51,2025,9,17,260,38,autumn,6.0614,6.0538,3.6098,5.509128571428572,5.710616666666668
2025-09-18,5.3338,25.38,70.66,3.27,2025,9,18,261,38,autumn,5.0635,6.0614,5.4238,5.7168,5.6809666666666665
2025-09-19,4.8038,26.52,66.67,1.75,2025,9,19,262,38,autumn,5.3338,5.0635,5.8066,5.703942857142857,5.638366666666666
2025-09-20,4.9531,26.91,63.57,3.71,2025,9,20,263,38,autumn,4.8038,5.3338,5.9162,5.560685714285714,5.603300000000001
2025-09-21,4.8586,26.53,63.96,4.88,2025,9,21,264,38,autumn,4.9531,4.8038,5.6923,5.4231,5.570516666666666
2025-09-22,4.5485,26.02,69.5,3.23,2025,9,22,265,39,autumn,4.8586,4.9531,6.0538,5.304,5.523750000000001
2025-09-23,4.0469,24.79,73.87,1.61,2025,9,23,266,39,autumn,4.5485,4.8586,6.0614,5.088957142857143,5.475053333333333
2025-09-24,4.4695,22.96,77.02,3.43,2025,9,24,267,39,autumn,4.0469,4.5485,5.0635,4.801171428571428,5.405636666666666
2025-09-25,3.7656,23.02,64.67,2.38,2025,9,25,268,39,autumn,4.4695,4.0469,5.3338,4.716314285714286,5.333293333333334
2025-09-26,3.0,23.4,76.24,1.71,2025,9,26,269,39,autumn,3.7656,4.4695,4.8038,4.492285714285714,5.2697400000000005
2025-09-27,3.257,22.37,75.77,2.76,2025,9,27,270,39,autumn,3.0,3.7656,4.9531,4.2345999999999995,5.156483333333333
2025-09-28,4.8845,22.47,67.41,2.76,2025,9,28,271,39,autumn,3.257,3.0,4.8586,3.9923,5.07037
2025-09-29,4.908,22.48,63.98,1.75,2025,9,29,272,40,autumn,4.8845,3.257,4.5485,3.9959999999999996,5.0755799999999995
2025-09-30,3.6206,23.81,65.32,1.79,2025,9,30,273,40,autumn,4.908,4.8845,4.0469,4.047357142857143,5.046620000000001
2025-10-01,4.2694,22.9,71.66,4.59,2025,10,1,274,40,autumn,3.6206,4.908,4.4695,3.986457142857143,4.94845
2025-10-02,4.1837,21.18,64.79,4.93,2025,10,2,275,40,autumn,4.2694,3.6206,3.7656,3.957871428571429,4.892546666666666
2025-10-03,4.6589,20.09,61.28,3.99,2025,10,3,276,40,autumn,4.1837,4.2694,3.0,4.0176,4.908266666666667
2025-10-04,3.8621,21.16,66.77,2.31,2025,10,4,277,40,autumn,4.6589,4.1837,3.257,4.254585714285715,4.8815566666666665
2025-10-05,4.9788,21.87,69.27,3.78,2025,10,5,278,40,autumn,3.8621,4.6589,4.8845,4.341028571428572,4.78758
2025-10-06,4.2643,20.76,61.41,5.25,2025,10,6,279,41,autumn,4.9788,3.8621,4.908,4.3545,4.736266666666666
2025-10-07,3.4764,20.06,68.03,2.64,2025,10,7,280,41,autumn,4.2643,4.9788,3.6206,4.262542857142857,4.688969999999999
2025-10-08,5.095,20.44,66.14,1.71,2025,10,8,281,41,autumn,3.4764,4.2643,4.2694,4.241942857142857,4.635336666666666
2025-10-09,4.428,21.08,65.2,1.28,2025,10,9,282,41,autumn,5.095,3.4764,4.1837,4.359885714285714,4.642146666666666
2025-10-10,4.523,22.36,73.7,1.66,2025,10,10,283,41,autumn,4.428,5.095,4.6589,4.394785714285715,4.64313
2025-10-11,4.4285,22.35,76.7,2.25,2025,10,11,284,41,autumn,4.523,4.428,3.8621,4.3753714285714285,4.67357
2025-10-12,3.1548,22.22,71.16,2.2,2025,10,12,285,41,autumn,4.4285,4.523,4.9788,4.456285714285714,4.640393333333333
2025-10-13,4.4587,22.93,66.01,2.45,2025,10,13,286,42,autumn,3.1548,4.4285,4.2643,4.195714285714286,4.5520000000000005
2025-10-14,3.5676,23.52,62.65,2.83,2025,10,14,287,42,autumn,4.4587,3.1548,3.4764,4.223485714285714,4.503416666666666
2025-10-15,3.8568,22.92,70.96,2.14,2025,10,15,288,42,autumn,3.5676,4.4587,5.095,4.236514285714286,4.432593333333333
2025-10-16,3.7706,20.79,78.39,3.48,2025,10,16,289,42,autumn,3.8568,3.5676,4.428,4.059628571428571,4.35936
2025-10-17,4.2223,20.69,70.96,2.06,2025,10,17,290,42,autumn,3.7706,3.8568,4.523,3.9657142857142853,4.283
2025-10-18,1.1556,19.32,79.12,1.88,2025,10,18,291,42,autumn,4.2223,3.7706,4.4285,3.922757142857143,4.25496
2025-10-19,2.4396,19.99,68.05,1.68,2025,10,19,292,42,autumn,1.1556,4.2223,3.1548,3.4552,4.115686666666667
2025-10-20,4.2101,20.65,65.07,1.82,2025,10,20,293,43,autumn,2.4396,1.1556,4.4587,3.3530285714285717,4.03688
2025-10-21,4.0783,21.5,67.18,3.17,2025,10,21,294,43,autumn,4.2101,2.4396,3.5676,3.3175142857142856,4.012113333333334
2025-10-22,3.39,21.66,82.58,3.62,2025,10,22,295,43,autumn,4.0783,4.2101,3.8568,3.3904714285714284,3.9861033333333333
2025-10-23,4.0812,22.99,73.9,5.32,2025,10,23,296,43,autumn,3.39,4.0783,3.7706,3.3237857142857137,3.947486666666667
2025-10-24,3.697,21.31,74.51,2.59,2025,10,24,297,43,autumn,4.0812,3.39,4.2223,3.368157142857143,3.94863
2025-10-25,4.2475,22.95,64.94,1.61,2025,10,25,298,43,autumn,3.697,4.0812,1.1556,3.2931142857142857,3.9228799999999997
2025-10-26,4.1309,22.17,60.97,3.35,2025,10,26,299,43,autumn,4.2475,3.697,2.4396,3.7348142857142856,3.9389433333333335
2025-10-27,3.6991,19.41,64.31,6.15,2025,10,27,300,44,autumn,4.1309,4.2475,4.2101,3.976428571428571,3.97664
2025-10-28,3.7908,19.87,67.44,3.77,2025,10,28,301,44,autumn,3.6991,4.1309,4.0783,3.903428571428571,3.9913766666666666
2025-10-29,3.9946,19.74,64.02,3.98,2025,10,29,302,44,autumn,3.7908,3.6991,3.39,3.862357142857143,3.95492
2025-10-30,2.1,19.32,74.2,2.33,2025,10,30,303,44,autumn,3.9946,3.7908,4.0812,3.9487285714285716,3.9244733333333333
2025-10-31,3.5681,20.16,79.57,4.3,2025,10,31,304,44,autumn,2.1,3.9946,3.697,3.6656999999999997,3.8737866666666667
2025-11-01,3.5671,19.07,79.57,1.75,2025,11,1,305,44,autumn,3.5681,2.1,4.2475,3.6472857142857142,3.8504099999999997
2025-11-02,3.9293,19.54,73.76,2.05,2025,11,2,306,44,autumn,3.5671,3.5681,4.1309,3.5500857142857143,3.8298566666666667
2025-11-03,2.8673,19.76,75.23,4.5,2025,11,3,307,45,autumn,3.9293,3.5671,3.6991,3.5212857142857144,3.805536666666667
2025-11-04,3.4421,18.09,72.47,3.14,2025,11,4,308,45,autumn,2.8673,3.9293,3.7908,3.4024571428571426,3.7723766666666667
2025-11-05,3.4723,17.29,72.24,1.59,2025,11,5,309,45,autumn,3.4421,2.8673,3.9946,3.352642857142857,3.721153333333333
2025-11-06,3.301,18.61,75.24,2.21,2025,11,6,310,45,autumn,3.4723,3.4421,2.1,3.278028571428571,3.6947533333333333
2025-11-07,2.07,18.31,74.27,4.12,2025,11,7,311,45,autumn,3.301,3.4723,3.5681,3.4496,3.688906666666667
2025-11-08,2.8447,17.77,70.8,2.7,2025,11,8,312,45,autumn,2.07,3.301,3.5671,3.2355857142857145,3.5880733333333334
2025-11-09,2.5313,16.6,82.57,4.3,2025,11,9,313,45,autumn,2.8447,2.07,3.9293,3.1323857142857143,3.5352966666666665
2025-11-10,3.1212,18.11,70.81,3.7,2025,11,10,314,46,autumn,2.5313,2.8447,2.8673,2.932671428571428,3.468906666666667
2025-11-11,3.378,16.41,73.17,1.48,2025,11,11,315,46,autumn,3.1212,2.5313,3.4421,2.9689428571428573,3.42533
2025-11-12,3.7154,17.03,71.81,3.19,2025,11,12,316,46,autumn,3.378,3.1212,3.4723,2.9597857142857142,3.43277
2025-11-13,3.6701,16.94,61.47,4.41,2025,11,13,317,46,autumn,3.7154,3.378,3.301,2.9945142857142857,3.407993333333333
2025-11-14,3.3898,17.65,54.97,3.38,2025,11,14,318,46,autumn,3.6701,3.7154,2.07,3.0472428571428574,3.4114099999999996
2025-11-15,3.3442,18.77,57.52,2.4,2025,11,15,319,46,autumn,3.3898,3.6701,2.8447,3.2357857142857145,3.3958433333333335
2025-11-16,3.0809,18.39,64.78,2.35,2025,11,16,320,46,autumn,3.3442,3.3898,2.5313,3.307142857142857,3.3816300000000004
2025-11-17,2.4336,18.24,84.62,1.97,2025,11,17,321,47,autumn,3.0809,3.3442,3.1212,3.3856571428571427,3.3435833333333336
2025-11-18,1.9939,17.36,78.82,3.44,2025,11,18,322,47,autumn,2.4336,3.0809,3.378,3.2874285714285714,3.3861833333333333
2025-11-19,2.9767,15.59,72.07,3.41,2025,11,19,323,47,autumn,1.9939,2.4336,3.7154,3.0897,3.3713266666666666
2025-11-20,3.0406,15.01,75.8,3.03,2025,11,20,324,47,autumn,2.9767,1.9939,3.6701,2.984171428571429,3.330213333333333
2025-11-21,2.6921,13.93,73.41,5.29,2025,11,21,325,47,autumn,3.0406,2.9767,3.3898,2.894242857142857,3.2956233333333333
2025-11-22,2.6539,11.09,67.82,7.36,2025,11,22,326,47,autumn,2.6921,3.0406,3.3442,2.794571428571429,3.27236
2025-11-23,3.035,12.44,67.14,4.16,2025,11,23,327,47,autumn,2.6539,2.6921,3.0809,2.695957142857143,3.2247833333333333
2025-11-24,2.2783,11.23,58.07,2.65,2025,11,24,328,48,autumn,3.035,2.6539,2.4336,2.6894,3.202716666666667
2025-11-25,2.6954,14.2,66.5,4.95,2025,11,25,329,48,autumn,2.2783,3.035,1.9939,2.667214285714286,3.1370766666666663
2025-11-26,2.1982,12.33,77.39,4.61,2025,11,26,330,48,autumn,2.6954,2.2783,2.9767,2.7674285714285713,3.089226666666667
2025-11-27,2.2195,11.64,76.86,4.95,2025,11,27,331,48,autumn,2.1982,2.6954,3.0406,2.6562142857142854,3.0391966666666668
2025-11-28,1.5374,12.47,77.64,5.07,2025,11,28,332,48,autumn,2.2195,2.1982,2.6921,2.5389142857142852,2.98682
2025-11-29,2.0602,13.28,76.95,3.58,2025,11,29,333,48,autumn,1.5374,2.2195,2.6539,2.373957142857143,2.9049133333333335
2025-11-30,2.9345,12.24,68.1,2.2,2025,11,30,334,48,autumn,2.0602,1.5374,3.035,2.289142857142857,2.9035866666666665
2025-12-01,2.8178,12.57,62.02,1.49,2025,12,1,335,49,winter,2.9345,2.0602,2.2783,2.274785714285714,2.8824666666666667
2025-12-02,2.9335,12.51,84.78,1.98,2025,12,2,336,49,winter,2.8178,2.9345,2.6954,2.351857142857143,2.85749
2025-12-03,3.0199,13.21,74.78,1.99,2025,12,3,337,49,winter,2.9335,2.8178,2.1982,2.3858714285714284,2.8242966666666667
2025-12-04,2.3633,13.65,73.93,6.01,2025,12,4,338,49,winter,3.0199,2.9335,2.2195,2.503257142857143,2.8293833333333334
2025-12-05,2.0026,12.85,76.93,6.95,2025,12,5,339,49,winter,2.3633,3.0199,1.5374,2.5238,2.7934233333333336
2025-12-06,2.7463,14.33,73.23,6.22,2025,12,6,340,49,winter,2.0026,2.3633,2.0602,2.590257142857143,2.7444333333333333
2025-12-07,2.3345,15.66,88.14,5.09,2025,12,7,341,49,winter,2.7463,2.0026,2.9345,2.688271428571429,2.7259433333333334
2025-12-08,2.8298,15.58,89.32,3.38,2025,12,8,342,50,winter,2.3345,2.7463,2.8178,2.602557142857143,2.73476
2025-12-09,2.682,14.03,82.55,1.58,2025,12,9,343,50,winter,2.8298,2.3345,2.9335,2.604271428571429,2.7342633333333333
2025-12-10,2.7187,13.44,86.89,1.98,2025,12,10,344,50,winter,2.682,2.8298,3.0199,2.568342857142857,2.7392866666666666
2025-12-11,2.5757,13.72,85.49,1.51,2025,12,11,345,50,winter,2.7187,2.682,2.3633,2.5253142857142854,2.72587
2025-12-12,2.4322,13.29,86.63,2.1,2025,12,12,346,50,winter,2.5757,2.7187,2.0026,2.555657142857143,2.6991266666666665
2025-12-13,2.4065,14.06,87.78,1.69,2025,12,13,347,50,winter,2.4322,2.5757,2.7463,2.617028571428571,2.656353333333333
2025-12-14,2.1682,14.19,86.98,2.41,2025,12,14,348,50,winter,2.4065,2.4322,2.3345,2.568485714285714,2.6142333333333334
2025-12-15,1.0558,15.33,89.63,4.59,2025,12,15,349,51,winter,2.1682,2.4065,2.8298,2.5447285714285712,2.573513333333333
2025-12-16,2.2426,14.69,79.3,3.17,2025,12,16,350,51,winter,1.0558,2.1682,2.682,2.2912999999999997,2.4972333333333334
2025-12-17,1.9486,13.23,86.17,2.79,2025,12,17,351,51,winter,2.2426,1.0558,2.7187,2.2285285714285714,2.46929
2025-12-18,1.811,16.29,89.13,3.43,2025,12,18,352,51,winter,1.9486,2.2426,2.5757,2.118514285714286,2.453123333333333
2025-12-19,0.6571,15.16,90.94,3.4,2025,12,19,353,51,winter,1.811,1.9486,2.4322,2.0092714285714286,2.4470266666666665
2025-12-20,1.7016,12.87,87.92,1.23,2025,12,20,354,51,winter,0.6571,1.811,2.4065,1.7556857142857143,2.3697066666666666
2025-12-21,1.7669,13.78,87.84,2.47,2025,12,21,355,51,winter,1.7016,0.6571,2.1682,1.6549857142857145,2.325073333333333
2025-12-22,2.4996,13.14,73.49,2.74,2025,12,22,356,52,winter,1.7669,1.7016,1.0558,1.5976571428571429,2.294233333333333
2025-12-23,2.6882,10.37,75.14,3.48,2025,12,23,357,52,winter,2.4996,1.7669,2.2426,1.8039142857142856,2.2890900000000003
2025-12-24,2.6542,10.05,71.66,3.02,2025,12,24,358,52,winter,2.6882,2.4996,1.9486,1.8675714285714287,2.2775299999999996
2025-12-25,2.3748,11.99,68.46,2.61,2025,12,25,359,52,winter,2.6542,2.6882,1.811,1.9683714285714284,2.29006
2025-12-26,1.8792,12.68,78.71,3.51,2025,12,26,360,52,winter,2.3748,2.6542,0.6571,2.0489142857142855,2.2793733333333335
2025-12-27,1.9481,13.77,87.3,2.35,2025,12,27,361,52,winter,1.8792,2.3748,1.7016,2.2235,2.26874
2025-12-28,2.7406,13.01,82.28,1.11,2025,12,28,362,52,winter,1.9481,1.8792,1.7669,2.258714285714286,2.2596933333333333
2025-12-29,2.5138,11.91,69.03,1.98,2025,12,29,363,1,winter,2.7406,1.9481,2.4996,2.397814285714286,2.2998
2025-12-30,2.6318,12.15,82.27,4.32,2025,12,30,364,1,winter,2.5138,2.7406,2.6882,2.399842857142857,2.3149200000000003
2025-12-31,2.5135,11.85,87.19,2.61,2025,12,31,365,1,winter,2.6318,2.5138,2.6542,2.391785714285714,2.3048300000000004
